A0A023PXA5	0
A0A023PXB0	20.9
A0A023PXB5	0
A0A023PXB9	0
A0A023PXC2	0
A0A023PXC7	0
A0A023PXD3	78.5
A0A023PXD5	0
A0A023PXD9	30.47
A0A023PXE5	0
A0A023PXE8	0
A0A023PXF2	0
A0A023PXF5	0
A0A023PXF8	0
A0A023PXG3	9.02
A0A023PXG7	0.99
A0A023PXH2	0
A0A023PXH4	0
A0A023PXH5	53.19
A0A023PXH6	0
A0A023PXH9	0
A0A023PXI0	0
A0A023PXI4	0
A0A023PXI5	3.74
A0A023PXI8	1.9
A0A023PXJ3	0
A0A023PXJ7	0
A0A023PXK2	1.04
A0A023PXK7	0
A0A023PXL1	0
A0A023PXL7	0
A0A023PXM2	0
A0A023PXM7	0
A0A023PXN3	0
A0A023PXN9	0
A0A023PXP4	0
A0A023PXP7	0
A0A023PXQ4	0.25
A0A023PXQ9	1.96
A0A023PYC6	0
A0A023PYD0	0
A0A023PYD3	0
A0A023PYD7	0
A0A023PYD9	0
A0A023PYE4	0
A0A023PYE9	0
A0A023PYF4	6.2
A0A023PYF7	0
A0A023PYG1	0
A0A023PYG5	0
A0A023PYH0	0
A0A023PYH5	0
A0A023PYH8	0
A0A023PYI2	0
A0A023PYI5	10.52
A0A023PYJ0	0
A0A023PYJ4	0
A0A023PYJ7	0
A0A023PYK2	6.3
A0A023PZ94	0
A0A023PZ99	12.06
A0A023PZA4	1.72
A0A023PZA9	6.08
A0A023PZB3	17.46
A0A023PZB8	0
A0A023PZC3	0
A0A023PZC7	0
A0A023PZD0	0
A0A023PZD5	0
A0A023PZE1	0
A0A023PZE2	0
A0A023PZE4	23.3
A0A023PZE6	0
A0A023PZE8	0
A0A023PZE9	0
A0A023PZF2	0
A0A023PZF3	3.16
A0A023PZF5	0
A0A023PZF9	0
A0A023PZG0	0
A0A023PZG4	3.73
A0A023PZG5	0
A0A023PZG9	0
A0A023PZH1	0
A0A023PZH4	0
A0A023PZH5	0
A0A023PZH9	0
A0A023PZI1	26.49
A0A023PZI4	0
A0A023PZI9	0
A0A023PZJ3	0
A0A023PZJ9	0
A0A023PZK4	0
A0A023PZK9	0
A0A023PZL2	0
A0A023PZL7	50.42
A0A023PZM3	0
A0A0B7P221	0
A0A0B7P3V8	21.19
A2P2R3	1.9
A5Z2X5	1.38
D6VPM8	1.67
D6VTK4	16.47
D6W196	3.23
I2HB52	0
I2HB70	0
O13297	45.53
O13329	33.56
O13511	46.09
O13512	4.76
O13513	0
O13514	0
O13515	0
O13516	25.38
O13517	0
O13518	0.71
O13519	0
O13520	0
O13521	0
O13522	0
O13523	0
O13525	5.67
O13527	25.08
O13529	0
O13530	0
O13531	0
O13532	0
O13533	0
O13534	1.86
O13535	33.12
O13536	0
O13537	0
O13539	7.27
O13540	0
O13541	71.55
O13542	0
O13543	0
O13544	0
O13545	4.65
O13546	0
O13547	42.43
O13548	0
O13549	0.92
O13550	0
O13553	0.69
O13554	0
O13555	44.8
O13556	0
O13557	2.18
O13558	0.98
O13559	14.68
O13560	0
O13561	0
O13562	0
O13563	18.58
O13564	0.87
O13565	1.6
O13566	0
O13567	0
O13568	0
O13569	0
O13570	0
O13571	0
O13572	0
O13573	0
O13574	13.67
O13575	0
O13576	1.57
O13577	86.46
O13578	2.67
O13579	9.67
O13582	16.93
O13583	0
O13584	0
O13585	18.8
O13586	0
O13587	8
O13588	0
O14455	29
O14464	3.22
O14467	91.39
O14468	86.84
O42831	2.54
O43137	0
O60200	9.3
O74302	57.95
O74700	1.14
O75012	8.42
O94084	8.07
O94085	1.63
O94086	0
O94143	0
O94742	86.51
P00044	6.42
P00045	25.66
P00127	87.75
P00128	0.78
P00163	0
P00175	9.13
P00330	0
P00331	0.86
P00358	7.22
P00359	6.92
P00360	7.53
P00401	0
P00410	0
P00420	0.37
P00424	5.22
P00425	7.94
P00427	0
P00431	11.08
P00445	57.79
P00447	4.72
P00498	0
P00546	0
P00549	6
P00560	4.08
P00572	0
P00635	0.21
P00724	1.31
P00729	0.37
P00812	1.8
P00815	2.62
P00817	8.71
P00830	3.52
P00854	0
P00856	0
P00890	2.29
P00899	8.48
P00912	0
P00924	1.6
P00925	3.43
P00927	0.17
P00931	1.41
P00937	0.41
P00942	0
P00950	4.45
P00958	0.79
P01094	100
P01097	62.35
P01098	60.46
P01119	39.15
P01120	46.27
P01123	10.67
P01149	3.63
P02293	35.87
P02294	32.82
P02309	16.5
P02381	9.04
P02400	32.72
P02406	28.18
P02407	7.35
P02557	9.4
P02829	15.93
P02992	7.32
P02994	10.69
P03069	47.33
P03870	1.65
P03871	7.77
P03872	33.1
P03873	0
P03874	0.47
P03875	7.19
P03876	2.22
P03877	0.72
P03878	0.53
P03879	0.47
P03881	0
P03882	0
P03962	0.74
P03965	1.43
P04037	16.77
P04039	0
P04046	0.78
P04050	19.79
P04051	3.69
P04076	0.86
P04147	30.32
P04161	0
P04173	2.74
P04385	0
P04386	15.89
P04387	1.6
P04397	0.28
P04449	67.09
P04456	2.11
P04650	98.03
P04710	1.61
P04786	23.4
P04801	7.08
P04802	17.41
P04803	3.43
P04806	8.24
P04807	9.87
P04817	11.52
P04819	16.42
P04821	26.55
P04840	3.88
P04911	20.45
P04912	20.45
P05030	11.98
P05066	1.94
P05085	19.31
P05150	0.59
P05316	0
P05317	8.97
P05318	27.35
P05319	34.9
P05373	1.16
P05374	0.8
P05375	0
P05453	38.39
P05626	2.86
P05694	0.52
P05737	9.42
P05738	0
P05739	9.09
P05740	19.56
P05743	8.66
P05744	0.93
P05745	28
P05747	100
P05748	30.39
P05749	14.87
P05750	13.33
P05755	24.61
P05756	0.66
P05759	8.55
P05986	16.83
P06100	0
P06101	20.35
P06102	52.51
P06103	1.17
P06104	33.13
P06105	21.6
P06106	4.72
P06115	6.76
P06168	6.07
P06169	1.24
P06174	4.72
P06182	44.6
P06197	3.18
P06208	3.87
P06242	3.26
P06243	8.67
P06244	21.66
P06245	7.36
P06367	41.6
P06633	8.18
P06634	36.42
P06700	14.76
P06701	27.5
P06704	7.45
P06738	4.54
P06773	0
P06774	89.43
P06775	9.12
P06776	1.71
P06777	17.09
P06778	64.33
P06779	25.48
P06780	13.87
P06781	0
P06782	25.27
P06783	8.29
P06784	19.8
P06785	1.97
P06786	19.95
P06787	4.76
P06838	46.19
P06839	6.68
P06843	88.88
P06844	31.75
P07143	16.5
P07149	1.75
P07170	26.12
P07172	3.37
P07213	13.77
P07236	1.51
P07244	2.11
P07245	7.5
P07246	0
P07248	21.01
P07249	74.57
P07250	11.83
P07251	1.83
P07252	0.15
P07253	5.55
P07255	1.69
P07256	3.93
P07257	0
P07258	0
P07259	1.98
P07260	10.32
P07261	38.21
P07262	1.76
P07263	4.94
P07264	13.22
P07266	0
P07267	1.23
P07269	62.61
P07270	83.65
P07271	27.82
P07272	13.16
P07273	35.27
P07274	0
P07275	2.08
P07276	38.31
P07277	0.45
P07278	29.32
P07280	21.52
P07281	20.83
P07283	2.75
P07284	9.09
P07285	0.52
P07286	0
P07342	10.04
P07347	19.32
P07390	5.11
P07560	3.25
P07702	3.37
P07703	5.67
P07806	7.97
P07807	0.94
P07834	22.33
P07866	41.46
P07884	3.5
P07991	0
P08004	28.82
P08018	48.65
P08019	0.72
P08067	7.9
P08153	62.34
P08417	6.14
P08425	1.49
P08431	5.19
P08432	0.85
P08456	13.04
P08458	11.42
P08459	6.77
P08465	12.75
P08466	10.33
P08468	0.37
P08518	9.06
P08521	0
P08524	0
P08525	0
P08536	1.95
P08539	10.38
P08566	1.88
P08593	13.8
P08638	26.07
P08640	72.42
P08678	32.03
P08679	2.39
P08964	16.18
P09007	42.98
P09032	20.06
P09064	25.61
P09119	10.52
P09201	2.87
P09232	30.23
P09368	0.42
P09435	27.27
P09436	0.93
P09440	4.71
P09457	0.47
P09547	41.55
P09620	29.35
P09624	0.6
P09733	2.23
P09734	2.02
P09798	29.88
P09880	4.83
P09932	3.58
P09937	18.93
P09938	14.78
P09950	6.02
P09959	39.72
P0C074	12.94
P0C0T4	14.81
P0C0V2	0
P0C0V8	2.29
P0C0W1	0
P0C0W9	11.49
P0C0X0	4.47
P0C155	3.61
P0C1V3	0
P0C1Z1	0
P0C261	0
P0C268	3.38
P0C269	0
P0C270	0
P0C271	37.5
P0C272	0
P0C289	0
P0C2H6	6.61
P0C2H7	12.5
P0C2H8	0
P0C2H9	0
P0C2I2	33.44
P0C2I3	33.21
P0C2I4	54.6
P0C2I5	33.5
P0C2I6	33.61
P0C2I7	33.39
P0C2I8	57.72
P0C2I9	33.67
P0C2J0	33.42
P0C2J1	33.5
P0C2J2	55.93
P0C2J3	35.31
P0C2J4	55.93
P0C2J5	38.86
P0C2J6	56.62
P0C2J7	22.58
P0C5B8	0
P0C5E0	0
P0C5E1	0
P0C5K9	0
P0C5L0	57.69
P0C5L1	0
P0C5L2	0
P0C5L3	0
P0C5L4	0
P0C5L5	0
P0C5L6	0
P0C5L7	13.15
P0C5L8	0
P0C5L9	50
P0C5M0	2.22
P0C5M1	0
P0C5M2	0
P0C5M3	0
P0C5M4	0
P0C5M5	0
P0C5M6	0
P0C5M7	0
P0C5M8	17.24
P0C5M9	0
P0C5N0	0
P0C5N1	0
P0C5N2	0
P0C5N3	4.54
P0C5N4	0
P0C5N5	0
P0C5N6	0
P0C5N7	0
P0C5N8	0
P0C5N9	0
P0C5P0	0
P0C5P1	13.15
P0C5P2	41.37
P0C5P3	0
P0C5P4	0
P0C5P5	0
P0C5P6	0
P0C5P7	0
P0C5P8	0
P0C5P9	0
P0C5Q0	4.34
P0C5Q1	0
P0C5Q2	0
P0C5Q3	0
P0C5Q4	0
P0C5Q5	0
P0C5Q6	0
P0C5Q7	11.11
P0C5Q8	0
P0C5Q9	12.12
P0C5R0	0
P0C5R1	0
P0C5R2	41.46
P0C5R3	0
P0C5R4	0
P0C5R5	0
P0C5R6	12.5
P0C5R7	0
P0C5R8	0
P0C5R9	0
P0C5S0	1.05
P0C5S1	0
P0CD90	6.71
P0CD91	11.8
P0CD97	0
P0CD98	1.97
P0CD99	7.55
P0CE00	8.13
P0CE11	0
P0CE41	44.8
P0CE68	4.84
P0CE69	3.59
P0CE85	0
P0CE86	0.6
P0CE87	0.6
P0CE88	0
P0CE89	0
P0CE90	0
P0CE91	0
P0CE92	0
P0CE93	0
P0CE96	0
P0CE97	0
P0CE98	0
P0CE99	0
P0CF00	0
P0CF16	0
P0CF17	2.03
P0CF18	0.23
P0CF19	0
P0CF20	0
P0CF21	3.14
P0CF22	0.47
P0CF33	0.97
P0CF34	12.21
P0CF35	8.89
P0CF36	8.96
P0CG63	16.27
P0CH08	18.75
P0CH09	18.75
P0CH63	4.44
P0CH64	4.44
P0CI66	25.75
P0CI67	25.75
P0CL23	0
P0CL24	0
P0CL25	0
P0CL26	0
P0CL27	33.5
P0CL28	33.5
P0CL29	33.5
P0CL30	33.5
P0CL31	33.5
P0CL32	0
P0CL33	0
P0CL34	0
P0CL35	0
P0CL36	0
P0CL37	0
P0CL38	0
P0CL39	0
P0CL40	0
P0CL41	0
P0CL42	0
P0CS90	22.62
P0CT04	20
P0CT86	35.89
P0CW40	4.58
P0CW41	4.58
P0CX08	2.78
P0CX09	2.78
P0CX10	2.51
P0CX11	2.51
P0CX12	0
P0CX13	0
P0CX14	11.88
P0CX15	11.88
P0CX16	12.5
P0CX17	12.5
P0CX18	0
P0CX19	0
P0CX20	12.13
P0CX21	12.13
P0CX22	12.13
P0CX23	0
P0CX24	0
P0CX25	0
P0CX26	0
P0CX27	18.86
P0CX28	18.86
P0CX29	15.86
P0CX30	15.86
P0CX31	17.03
P0CX32	17.03
P0CX33	88.88
P0CX34	88.88
P0CX35	3.44
P0CX36	3.44
P0CX37	28.81
P0CX38	28.81
P0CX39	36
P0CX40	36
P0CX41	2.18
P0CX42	2.18
P0CX43	4.14
P0CX44	4.14
P0CX45	31.49
P0CX46	31.49
P0CX47	7.69
P0CX48	7.69
P0CX49	37.09
P0CX50	37.09
P0CX51	4.19
P0CX52	4.19
P0CX53	13.33
P0CX54	13.33
P0CX55	6.16
P0CX56	6.16
P0CX57	58.18
P0CX58	58.18
P0CX59	57.5
P0CX60	57.5
P0CX61	56.39
P0CX62	56.39
P0CX63	35.19
P0CX64	35.19
P0CX65	57.5
P0CX66	57.5
P0CX67	57.5
P0CX68	57.5
P0CX69	57.5
P0CX70	57.72
P0CX71	57.72
P0CX72	57.72
P0CX73	57.72
P0CX74	57.72
P0CX75	57.72
P0CX76	57.72
P0CX77	1.65
P0CX78	1.65
P0CX79	1.65
P0CX80	0
P0CX81	0
P0CX82	36.5
P0CX83	36.5
P0CX84	3.33
P0CX85	3.33
P0CX86	100
P0CX87	100
P0CX88	3.6
P0CX89	3.6
P0CX90	0
P0CX91	0
P0CX92	0
P0CX93	0
P0CX94	0
P0CX95	0
P0CX96	0
P0CX97	0
P0CX98	0
P0CX99	0
P0CY00	0
P0CY01	0
P0CY02	0
P0CY03	0
P0CY04	0
P0CY05	0
P0CY06	1.14
P0CY07	1.14
P0CY08	7.14
P0CY09	7.14
P0CY11	15.87
P0CY13	16.8
P0CZ17	1.65
P10080	52.04
P10081	0.75
P10127	1.04
P10174	0
P10355	0.78
P10356	9.7
P10363	6.84
P10507	4.97
P10566	4.45
P10591	25.38
P10592	26.91
P10614	1.32
P10622	22.64
P10659	2.87
P10662	13.39
P10663	0
P10664	24.86
P10823	31.4
P10834	3.41
P10849	13.18
P10862	42.5
P10863	51.96
P10869	5.5
P10870	39.36
P10961	78.51
P10962	44.11
P10963	5.64
P10964	16.16
P11075	22.44
P11076	0
P11154	2.63
P11325	1.9
P11353	19.51
P11412	6.13
P11433	22.83
P11484	1.95
P11491	11.48
P11632	72.04
P11633	85.85
P11655	2.33
P11709	65.68
P11710	29.1
P11745	12.03
P11746	83.21
P11747	45.5
P11792	43.68
P11914	6.01
P11927	66.97
P11938	55.25
P11972	13.18
P11978	60.08
P11986	1.5
P12383	21.91
P12385	1.14
P12611	31.48
P12612	2.5
P12630	19.25
P12683	4.45
P12684	4.11
P12685	51.41
P12686	10.02
P12687	5.66
P12688	18.97
P12689	9.84
P12695	29.46
P12709	0.9
P12753	9.6
P12754	32.1
P12866	0.62
P12868	2.04
P12887	13.92
P12904	1.24
P12945	6.32
P12954	29.55
P12962	73.29
P13045	0.96
P13090	2.95
P13099	7.77
P13130	1.53
P13134	16.7
P13181	7.14
P13185	57.61
P13186	55.44
P13188	9.02
P13259	44.57
P13298	0
P13365	16.03
P13382	21.25
P13393	19.58
P13433	5.1
P13434	34.02
P13483	91.93
P13517	5.92
P13574	59.73
P13586	6.21
P13587	4.3
P13663	6.57
P13711	3.74
P13712	4.73
P13856	36.39
P13902	19.2
P14020	0
P14063	10.68
P14064	67.32
P14065	0.32
P14066	1.74
P14120	0
P14126	5.16
P14127	10.29
P14164	73.46
P14180	24.81
P14242	17.98
P14284	4.32
P14291	40.74
P14306	12.32
P14359	36.84
P14540	8.91
P14680	45.22
P14681	1.08
P14682	55.93
P14693	1.21
P14724	99.19
P14736	24.4
P14737	54.69
P14741	1.96
P14742	3.34
P14743	5.05
P14747	24.83
P14772	4.93
P14832	4.93
P14843	7.29
P14904	9.14
P14905	1.54
P14906	9.95
P14907	81.65
P14908	0
P14922	62
P15019	6.56
P15108	15.46
P15179	1.36
P15180	21.31
P15202	10.87
P15274	25.18
P15303	4.55
P15315	40.88
P15365	3.68
P15367	0
P15380	15.78
P15424	16.71
P15436	7.56
P15442	9.46
P15454	8.02
P15496	17.01
P15565	15.78
P15624	2.35
P15625	0.19
P15646	33.94
P15700	2.94
P15703	0.31
P15705	40.74
P15731	4.72
P15732	2.02
P15790	0
P15801	8.37
P15807	1.82
P15873	0
P15891	76.01
P15938	16.43
P15992	28.97
P16120	3.5
P16140	7.73
P16151	0
P16370	22.95
P16387	9.76
P16451	11.95
P16467	1.77
P16474	12.75
P16521	8.23
P16522	3.99
P16523	4.44
P16547	50.63
P16550	17.75
P16603	1.15
P16622	0.76
P16639	0
P16649	45.72
P16658	9.28
P16661	0.22
P16664	8.14
P16861	3.95
P16862	8.02
P16892	6.79
P16965	100
P17064	1.68
P17065	44.13
P17076	24.6
P17106	83.76
P17119	20.43
P17121	64.22
P17122	0
P17123	57.22
P17157	5.57
P17214	8.01
P17255	2.8
P17260	24.28
P17261	0
P17423	10.92
P17442	6.87
P17505	7.48
P17536	87.93
P17555	30.98
P17558	22.32
P17629	16.62
P17649	6.15
P17695	0
P17709	3.2
P17883	4.53
P17890	37.84
P17891	65.66
P17898	0
P17967	4.78
P18238	0.32
P18239	4.08
P18408	6.89
P18409	3.44
P18410	15.05
P18411	2.02
P18412	33.95
P18414	0
P18480	50.82
P18494	80.68
P18496	3.58
P18544	0
P18562	0
P18634	4.82
P18759	4.35
P18851	6.14
P18852	29.09
P18888	43.97
P18898	0.53
P18899	99.53
P18900	11.62
P18961	18.02
P18962	2.32
P18963	8.92
P19073	0
P19097	12.34
P19145	4.98
P19146	0
P19158	11.33
P19211	24.84
P19262	35.85
P19263	11.55
P19358	3.12
P19414	10.02
P19454	1.17
P19516	5
P19524	12.96
P19541	41.03
P19657	14.46
P19658	2.88
P19659	68.36
P19735	19.68
P19736	15.09
P19807	3.01
P19812	9.23
P19880	71.53
P19881	0
P19882	5.24
P19955	0
P19956	3.06
P20048	0
P20049	1.1
P20050	10.24
P20051	1.92
P20052	17.06
P20053	7.95
P20081	2.63
P20084	6.97
P20095	19.74
P20107	17.19
P20133	0
P20134	75.97
P20424	27.17
P20433	48.86
P20434	4.18
P20435	53.54
P20436	9.58
P20437	28.75
P20438	30.09
P20447	17.01
P20448	33.89
P20449	17.84
P20457	4.35
P20459	9.21
P20484	6.76
P20485	14.77
P20486	26.66
P20604	0
P20606	0
P20676	88.94
P20795	0.43
P20840	5.84
P20967	4.33
P21147	6.66
P21182	3.78
P21190	39.72
P21192	72.59
P21242	21.52
P21243	2.38
P21264	2.1
P21268	12.4
P21269	2.38
P21304	37.32
P21306	16.12
P21339	59.27
P21372	25.44
P21373	29.81
P21374	21.7
P21375	10.57
P21524	7.43
P21538	65.55
P21560	5.37
P21576	16.05
P21592	5.62
P21595	1.02
P21623	2.05
P21651	57
P21657	42.68
P21672	6.9
P21691	0.45
P21705	47.45
P21734	12.55
P21771	6.64
P21801	0
P21825	10.21
P21826	4.51
P21827	19.08
P21951	4.23
P21954	2.8
P21957	50.49
P21965	5.06
P22007	0.23
P22023	3
P22035	72
P22082	42.63
P22108	11.69
P22133	1.59
P22134	0
P22135	4.92
P22136	0.17
P22137	1.51
P22138	4.57
P22139	0
P22140	0
P22141	0
P22146	8.58
P22147	20.28
P22148	48.69
P22149	61.59
P22202	24.92
P22203	8.15
P22204	15.73
P22209	5.05
P22211	52.4
P22213	9.9
P22214	0
P22215	0.88
P22216	20.21
P22217	0
P22219	4.05
P22224	6.59
P22276	6.87
P22289	1.51
P22336	10.14
P22353	11.76
P22354	20
P22434	3.79
P22438	2.6
P22470	85.4
P22515	6.93
P22516	9.4
P22517	11.18
P22543	5.82
P22579	41.99
P22580	0.36
P22696	37.05
P22768	6.42
P22803	0
P22804	19.71
P22855	2.58
P22936	14.98
P22943	99.08
P23059	0
P23060	1.1
P23179	7.28
P23180	2.36
P23201	71.89
P23202	26.27
P23248	7.05
P23250	50.61
P23254	4.41
P23255	10.73
P23285	2.92
P23287	11.75
P23291	40.89
P23292	46.15
P23293	45.2
P23301	26.11
P23337	8.19
P23369	5.73
P23394	18.53
P23493	62.83
P23500	0
P23501	0.24
P23503	11.6
P23542	0
P23561	20.36
P23585	0.92
P23594	20.05
P23595	21.75
P23615	22.26
P23624	59.79
P23638	5.81
P23639	1.2
P23641	0.64
P23642	7.66
P23643	12.56
P23644	2.06
P23724	2.48
P23748	44.76
P23776	0.44
P23796	0.77
P23797	0.98
P23833	5.76
P23900	46.63
P23968	0
P24000	67.09
P24004	3.73
P24031	0.21
P24276	40.56
P24279	28.01
P24280	8.22
P24309	8.88
P24384	17.37
P24482	13.64
P24521	3.1
P24583	34.23
P24719	0
P24720	2.56
P24783	28.2
P24784	32.73
P24813	39.36
P24814	19.46
P24867	7.52
P24868	16.56
P24869	38.49
P24870	28.8
P24871	19.13
P25036	5.64
P25037	34.48
P25038	3.25
P25039	3.02
P25040	18.38
P25042	83.69
P25043	4.59
P25044	3.58
P25045	1.43
P25046	53.63
P25087	8.09
P25270	10.43
P25293	36.69
P25294	55.39
P25296	2.28
P25297	4.42
P25298	9.74
P25299	27.7
P25300	0
P25301	3.69
P25302	58.55
P25303	18.03
P25332	1.8
P25333	42.78
P25334	4.71
P25335	6.12
P25336	10.21
P25337	5.73
P25338	0
P25339	55.51
P25340	1.9
P25341	34.16
P25342	2.79
P25343	0
P25344	43.93
P25345	0.81
P25346	5.79
P25347	0
P25348	24.04
P25349	19.43
P25350	1.91
P25351	9.16
P25352	16.17
P25353	15.22
P25354	2.51
P25355	2.48
P25356	0.83
P25357	71.37
P25358	3.74
P25359	3.29
P25360	11.05
P25361	0
P25362	0
P25364	46.63
P25365	36.43
P25366	5.8
P25367	88.39
P25368	7.74
P25369	28.24
P25370	9.36
P25371	4.38
P25372	0
P25373	0.9
P25374	7.64
P25375	0.28
P25376	16.58
P25377	0
P25378	0
P25379	0.27
P25380	1.72
P25381	2.64
P25382	8.15
P25383	56.39
P25384	35.19
P25385	32.37
P25386	41
P25389	39.44
P25390	2.93
P25441	71.09
P25443	17.71
P25451	0
P25453	3.59
P25454	20.25
P25491	13.44
P25502	25.84
P25515	0
P25554	26.64
P25555	42.38
P25558	42.9
P25559	0.26
P25560	1.06
P25561	0
P25562	0
P25563	0
P25565	0
P25566	1.19
P25567	71.19
P25568	0
P25569	3.08
P25571	0
P25572	57.14
P25573	24.7
P25574	0.39
P25575	0.93
P25576	0
P25577	6.08
P25578	0.57
P25579	73.41
P25580	3.36
P25582	45.54
P25583	14.92
P25584	0
P25585	0
P25586	16.13
P25587	26.95
P25588	70.43
P25591	56.26
P25593	0
P25594	1.96
P25596	0.32
P25600	0
P25601	4.1
P25602	2.83
P25603	40.76
P25604	21.03
P25605	17.47
P25606	0.63
P25607	0
P25608	2.98
P25610	0
P25611	0.36
P25612	1.92
P25613	14.48
P25614	6.97
P25615	6.18
P25616	0
P25617	45.51
P25618	2.3
P25619	12.04
P25620	0
P25621	7.81
P25623	42.29
P25625	0
P25626	0
P25627	18.18
P25628	14.26
P25629	9.45
P25630	0
P25631	42.34
P25632	40.16
P25635	10.29
P25637	13.95
P25638	5.4
P25639	8.55
P25640	0
P25641	8.46
P25642	0
P25644	47.73
P25646	6.1
P25648	3.78
P25649	0
P25650	0
P25651	5.78
P25652	0
P25653	20.88
P25654	0
P25655	6.83
P25656	5.88
P25657	0
P25659	63.6
P25693	15.9
P25694	19.4
P25719	0.54
P25808	2.14
P25846	2.6
P25847	1.76
P26188	0
P26263	2.13
P26309	22.29
P26321	4.37
P26343	29.73
P26364	2.66
P26370	2.65
P26448	2.28
P26449	0
P26570	55.05
P26637	4.67
P26725	0
P26754	24.54
P26755	9.01
P26783	12.88
P26784	0
P26785	0
P26786	6.84
P26793	16.49
P26798	75
P27344	48.25
P27351	11.57
P27466	19.95
P27472	8.51
P27476	80.91
P27514	14.65
P27515	0.99
P27614	5.38
P27616	9.8
P27636	4.2
P27637	81.66
P27654	32.38
P27680	0.32
P27692	50.23
P27697	6.18
P27705	96.23
P27796	5.75
P27801	0
P27809	7.23
P27810	0
P27825	13.14
P27882	26.45
P27895	27
P27929	6.37
P27999	4.91
P28000	50.7
P28003	40.67
P28004	62.26
P28005	4.62
P28006	35.56
P28007	49.75
P28239	6.12
P28240	6.46
P28241	4.87
P28263	37.15
P28272	3.5
P28273	4.51
P28274	0.69
P28319	36.4
P28320	58.63
P28321	5.43
P28495	0
P28496	11.96
P28519	52.83
P28584	26.88
P28625	0
P28626	0
P28627	0
P28707	43.05
P28708	28.95
P28737	2.76
P28742	19.89
P28743	41.5
P28777	28.72
P28778	0
P28789	0.61
P28791	4.96
P28795	3.4
P28817	2.6
P28834	5
P29029	15.3
P29055	15.94
P29056	35.4
P29295	33.19
P29311	20.59
P29340	0
P29366	20.5
P29453	23.43
P29461	19.06
P29465	15.02
P29467	1.71
P29468	7.92
P29469	29.49
P29478	34.43
P29496	8.51
P29509	3.76
P29539	36.06
P29547	9.15
P29589	7.14
P29703	0
P29704	0
P29952	13.75
P30283	26.89
P30402	3.96
P30605	8.04
P30606	11.82
P30619	15.74
P30620	17.54
P30624	4.71
P30656	1.74
P30657	2.25
P30665	21.65
P30771	6.9
P30775	25.9
P30777	0
P30822	0.18
P30902	5.17
P30952	3.42
P31109	22.22
P31111	59.2
P31115	11.08
P31116	0
P31244	21.64
P31334	13.75
P31373	6.59
P31374	33.84
P31376	56.64
P31377	29.8
P31378	4.01
P31379	3.38
P31380	41.29
P31381	11.99
P31382	10.01
P31383	5.35
P31384	32.01
P31385	44.44
P31386	5.4
P31412	1.27
P31539	15.41
P31688	7.47
P31755	11.25
P31787	2.29
P32047	76.1
P32048	0.17
P32074	4.49
P32178	1.17
P32179	5.04
P32190	4.79
P32191	6.31
P32259	3.38
P32263	2.09
P32264	3.03
P32266	12.37
P32288	5.67
P32316	10.26
P32317	1.76
P32318	1.84
P32319	6.39
P32323	32.41
P32324	3.32
P32325	50.99
P32327	3.13
P32328	11.7
P32329	8.26
P32330	19.71
P32331	9.77
P32332	3.39
P32333	13.22
P32334	46.17
P32335	7.11
P32336	44.65
P32337	3.76
P32338	14.33
P32339	1.89
P32340	2.33
P32341	0
P32342	55.68
P32343	30.05
P32344	66.66
P32345	0
P32347	0.82
P32349	15.13
P32350	25.23
P32351	32.94
P32352	0
P32353	3.56
P32354	38.87
P32356	12.11
P32357	8.45
P32361	8.34
P32363	4.42
P32364	25
P32366	0
P32367	25.88
P32368	0.8
P32375	6.52
P32377	7.07
P32378	2.41
P32379	7.69
P32380	46.39
P32381	4.85
P32383	6.44
P32385	15.26
P32386	3.37
P32387	10.26
P32388	0.72
P32389	71.57
P32419	2.62
P32432	78.62
P32435	0.83
P32445	17.03
P32447	54.48
P32448	39.42
P32449	9.18
P32450	31.91
P32451	3.46
P32452	0.29
P32453	13.52
P32454	1.36
P32457	31.73
P32458	21.68
P32459	4.1
P32460	1.63
P32461	14.79
P32462	0
P32463	3.2
P32464	7.01
P32465	8.77
P32466	7.23
P32467	9.72
P32468	21.37
P32469	5.33
P32471	22.33
P32472	0
P32473	0
P32474	3.48
P32475	0.86
P32476	0
P32477	2.8
P32478	31.96
P32479	18.21
P32480	12.45
P32481	17.26
P32485	10.8
P32486	31.25
P32487	13.09
P32488	62.72
P32489	8.55
P32490	33.66
P32491	22.33
P32492	4.28
P32493	0.19
P32494	63.24
P32495	19.23
P32496	3.64
P32497	17.48
P32499	75.13
P32500	8.85
P32501	10.39
P32502	6.82
P32504	17.36
P32505	47.8
P32521	74.12
P32522	0.51
P32523	4.97
P32524	23.21
P32525	28.04
P32526	26.7
P32527	29.56
P32528	2.61
P32529	0
P32558	23.96
P32559	0
P32561	8.31
P32562	11.91
P32563	1.9
P32564	8.02
P32565	9.52
P32566	58.61
P32567	54.87
P32568	5.86
P32569	28.38
P32570	7.43
P32571	18.14
P32572	8.66
P32573	0.34
P32578	61.34
P32579	5.86
P32580	1.35
P32581	23.25
P32582	5.52
P32583	95.07
P32584	0
P32585	16.28
P32588	54.74
P32589	17.89
P32590	14.43
P32591	52.24
P32597	24.72
P32598	2.88
P32599	10.43
P32600	4.4
P32601	0
P32602	1.02
P32603	0.22
P32604	1.99
P32605	17.11
P32606	20.25
P32607	63.84
P32608	0.85
P32609	8.73
P32610	13.28
P32611	24.93
P32612	0
P32613	0
P32614	5.53
P32616	0
P32617	40.36
P32618	50.62
P32621	7.91
P32622	11.31
P32623	28.69
P32626	0.88
P32628	61.05
P32629	21
P32630	2.4
P32633	10.79
P32634	47.29
P32639	8.36
P32641	20.03
P32642	12.29
P32643	0
P32644	26.58
P32645	16.47
P32656	15.94
P32657	36.1
P32660	19.28
P32767	0.46
P32768	66.03
P32769	14.4
P32770	39.77
P32771	0.51
P32772	56.05
P32773	65.38
P32774	8.19
P32775	0.28
P32776	26.79
P32781	0
P32783	22.93
P32784	18.7
P32785	7.98
P32786	18.56
P32787	13.38
P32788	21.07
P32789	34.76
P32790	65.27
P32791	1.45
P32792	2.85
P32793	45.51
P32794	7.05
P32795	14.99
P32796	1.19
P32797	12.87
P32798	18.22
P32799	6.97
P32800	0
P32801	22.03
P32802	4.49
P32803	1.47
P32804	5.05
P32805	43.81
P32806	6.55
P32807	2.99
P32828	47.81
P32829	32.51
P32830	0
P32831	55.65
P32832	37.01
P32833	40
P32835	10.04
P32836	10.9
P32837	0.7
P32838	4.89
P32839	6.79
P32841	51.63
P32842	0
P32843	8.94
P32844	0.74
P32849	14.79
P32854	12.15
P32855	9.48
P32857	6.3
P32858	0
P32859	7.69
P32860	7.03
P32861	5.61
P32862	51.7
P32863	23.05
P32864	7.96
P32867	22.41
P32873	48.67
P32874	0.96
P32875	22.7
P32891	6.13
P32892	38.96
P32893	10.17
P32895	13.34
P32896	35.78
P32897	12.61
P32898	1.92
P32899	2.18
P32900	83.51
P32901	9.81
P32902	25.12
P32903	0
P32904	6.07
P32905	17.06
P32906	0
P32907	10.99
P32908	10.04
P32909	54.72
P32910	2.83
P32911	8.33
P32912	35.12
P32913	32.66
P32914	2.94
P32915	0
P32916	19.64
P32917	29.98
P32939	0.48
P32943	17.89
P32944	47.25
P32945	27.5
P33122	51.54
P33199	6.15
P33200	9.42
P33201	7.2
P33202	14.02
P33203	14.06
P33204	5.26
P33296	28
P33297	18.2
P33298	3.5
P33299	36.61
P33300	0
P33301	43.09
P33302	7.87
P33303	2.48
P33304	37.25
P33306	89.42
P33307	0.1
P33308	48.99
P33309	1.29
P33310	1
P33311	12.67
P33312	8.19
P33313	17.14
P33314	10.32
P33315	6.6
P33317	5.44
P33322	25.67
P33323	1.09
P33324	4.83
P33327	0.73
P33328	23.47
P33329	55.21
P33330	5.06
P33331	0.8
P33332	34.8
P33333	9.9
P33334	8.74
P33335	0.18
P33336	32.94
P33338	26.44
P33339	12.68
P33399	25.81
P33400	41.44
P33401	4.91
P33411	24.3
P33412	4.02
P33413	2.31
P33416	5.91
P33417	84.08
P33418	0.45
P33419	66.4
P33420	2.18
P33421	0
P33441	38.26
P33442	8.23
P33448	3.27
P33550	0.94
P33734	2.17
P33748	82.95
P33749	72.38
P33750	26.99
P33751	1.23
P33753	12.05
P33754	0
P33755	3.62
P33757	1.14
P33759	10.09
P33760	0.67
P33767	0.23
P33775	5.63
P33890	23.5
P33891	1.85
P33892	0.48
P33893	0.92
P33894	8.48
P33895	4.43
P34072	81.84
P34077	4.52
P34078	62.85
P34087	0
P34110	1.8
P34111	9.91
P34160	1.5
P34161	84.67
P34162	0.95
P34163	15.87
P34164	60.72
P34165	41.66
P34166	44.73
P34167	77.06
P34215	0
P34216	69.29
P34217	69.61
P34218	26.95
P34219	80.95
P34220	1.67
P34221	21.36
P34222	21.15
P34223	68.55
P34224	0
P34225	14.11
P34226	44.25
P34227	0.38
P34228	47.38
P34230	15.59
P34231	9.73
P34232	17.93
P34233	53.23
P34234	25.49
P34237	42.7
P34238	0
P34239	20.65
P34240	29.02
P34241	1.81
P34243	3.22
P34244	58.69
P34245	0
P34246	10.36
P34247	68.4
P34248	5.45
P34249	0
P34250	89.39
P34251	3.88
P34252	66.88
P34253	5.43
P34730	24.9
P34756	43.45
P34758	78.32
P34760	0
P34761	67.77
P34909	46.84
P35056	40.52
P35127	5.5
P35169	2.14
P35172	12.17
P35176	14.66
P35177	40.01
P35178	15.46
P35179	13.75
P35180	28.96
P35181	0
P35182	1.77
P35183	0.93
P35184	13.68
P35187	45.88
P35189	27.45
P35190	17.92
P35191	16.63
P35192	35.01
P35193	21.2
P35194	1.84
P35195	5.76
P35196	2.44
P35197	54.82
P35198	38.56
P35200	0.86
P35201	58.83
P35202	0
P35203	8.36
P35206	5.85
P35207	19.73
P35208	42.18
P35209	69.65
P35210	27.72
P35497	1.12
P35688	7.17
P35691	11.97
P35718	14.15
P35719	2.28
P35723	18.44
P35724	50.15
P35725	70.05
P35727	7.07
P35728	55.32
P35729	1.73
P35731	1.07
P35732	82.65
P35733	0
P35734	74.31
P35735	0
P35736	53.47
P35817	54.51
P35842	0.21
P35843	10.59
P35844	5.06
P35845	29.46
P35994	0
P35995	9.21
P35996	1.44
P35997	3.65
P35999	0
P36000	5.23
P36001	0.69
P36002	33.53
P36003	38.57
P36004	41.29
P36005	0.69
P36006	27.67
P36007	1.53
P36008	8.98
P36009	8.97
P36010	0
P36012	45.85
P36013	15.69
P36014	0.59
P36015	0
P36016	7.6
P36017	16.66
P36018	25.21
P36019	20
P36022	0.9
P36023	6.14
P36024	64.59
P36025	11.19
P36026	13.11
P36027	25.79
P36029	8.09
P36030	0
P36031	0
P36032	1.9
P36033	2.67
P36034	0.49
P36035	13.14
P36036	59.6
P36037	2.93
P36038	1.47
P36039	11.85
P36040	0
P36041	87.5
P36042	0
P36044	13.49
P36046	79.15
P36047	5.32
P36048	11.11
P36049	86.18
P36050	0
P36051	0.43
P36052	2.98
P36053	57.93
P36054	43.12
P36056	15.76
P36057	0
P36058	0
P36059	6.52
P36060	3.64
P36061	1.95
P36062	34.97
P36064	10.81
P36065	0
P36066	0.43
P36067	0
P36068	0
P36069	1.01
P36070	16.74
P36071	0.79
P36072	0
P36073	0
P36074	0
P36075	14.44
P36076	60.59
P36077	9.44
P36078	0
P36079	0
P36080	86.86
P36081	10.96
P36082	0
P36083	18.88
P36084	35.29
P36085	3.26
P36086	0
P36087	8.87
P36088	0
P36089	0
P36090	3.87
P36091	3.56
P36092	0
P36093	40.71
P36094	69.14
P36095	41.07
P36096	1.58
P36097	3.46
P36098	10.94
P36099	6.96
P36100	60.37
P36101	5.81
P36102	22.97
P36103	89.53
P36104	0
P36105	0
P36106	29.62
P36107	0
P36108	59.91
P36109	0
P36110	37.68
P36111	34.15
P36112	10.18
P36113	2.72
P36114	5.1
P36115	71.86
P36116	53.65
P36117	34.09
P36118	48.75
P36119	56.6
P36120	23.71
P36121	40.78
P36122	3.13
P36123	43.65
P36124	39.68
P36125	8.42
P36126	21.33
P36127	0
P36128	0
P36129	0
P36130	9.02
P36131	5.42
P36132	1.81
P36133	8.38
P36134	48.4
P36135	11.78
P36136	7.74
P36137	4.96
P36138	92.89
P36139	21.55
P36140	2.97
P36141	0
P36142	3.11
P36143	51.46
P36144	2.18
P36145	35.06
P36146	7.56
P36147	0
P36148	11.03
P36149	0
P36150	8.6
P36151	1.13
P36152	22.98
P36153	0
P36154	0.64
P36155	30.94
P36156	0
P36157	71.07
P36158	12.13
P36159	1.67
P36160	28.19
P36161	0.95
P36162	48.12
P36163	0
P36164	2.67
P36165	31.31
P36166	64.44
P36167	68.69
P36168	25.85
P36169	67.32
P36170	24.12
P36172	1.54
P36173	0.48
P36224	21.17
P36421	15.22
P36516	0.25
P36517	17.55
P36519	11.98
P36520	11.49
P36521	13.65
P36523	1.18
P36525	5.81
P36526	16.43
P36527	8.16
P36528	17.79
P36531	44.06
P36532	7.61
P36533	0
P36534	16.49
P36775	28.68
P36973	0
P37012	7.02
P37020	1.66
P37254	1.01
P37261	3.62
P37262	14.92
P37263	28.75
P37264	0
P37265	0
P37267	18.36
P37291	1.49
P37292	3.46
P37293	15.62
P37296	5.16
P37297	0.73
P37298	7.18
P37299	15.58
P37302	6.7
P37303	0.25
P37304	50.12
P37366	26.46
P37370	98.53
P37838	35.03
P37898	1.05
P38009	0.5
P38011	0
P38013	0
P38041	61.53
P38042	24.27
P38061	33.07
P38063	0.61
P38064	4.31
P38065	4.68
P38066	17.39
P38067	0
P38068	29.55
P38069	2.17
P38070	15.23
P38071	1.84
P38072	3.98
P38073	22.63
P38074	7.75
P38075	9.64
P38077	1.6
P38079	11.33
P38080	63.98
P38081	3.19
P38082	37.27
P38083	1.98
P38084	9.35
P38085	11.79
P38086	15.24
P38087	8.81
P38088	4.78
P38089	4.32
P38090	2.34
P38109	0
P38110	0.43
P38111	0.25
P38112	26.64
P38113	0
P38114	24.77
P38115	0.87
P38116	0
P38120	8.63
P38121	24.11
P38122	0
P38123	0
P38124	9.48
P38125	16.6
P38126	4.6
P38127	2.12
P38128	59.51
P38129	32.08
P38130	0.24
P38131	3.66
P38132	10.88
P38137	6.99
P38138	1.78
P38139	0.26
P38140	24.95
P38141	11.33
P38142	6.96
P38143	0
P38144	18.06
P38145	2.94
P38146	1
P38147	1.51
P38148	5.32
P38149	0.34
P38150	5.26
P38151	19.37
P38152	1
P38153	2.48
P38155	0
P38156	11.56
P38157	0.42
P38158	2.91
P38161	0
P38162	14.79
P38163	7.42
P38164	13.1
P38165	72.22
P38166	7.9
P38167	48.34
P38168	0
P38169	0
P38170	39.78
P38171	1.96
P38172	2.59
P38173	0
P38174	22.8
P38175	30.5
P38176	2.83
P38177	55.15
P38178	0
P38179	2.4
P38180	79.34
P38181	8.05
P38182	0
P38183	0
P38184	0
P38185	2.94
P38186	0
P38187	30.92
P38188	2.63
P38189	0
P38190	0
P38191	0
P38192	0
P38193	55.78
P38194	17.21
P38195	63.42
P38196	7.98
P38197	1.16
P38198	21.15
P38199	25.19
P38200	90.82
P38201	41.75
P38202	82.07
P38203	3.15
P38204	0.68
P38205	14.91
P38206	0.69
P38207	8.84
P38208	0
P38209	0
P38210	13.88
P38211	0
P38212	53.52
P38213	64.26
P38214	0
P38215	0
P38216	78.12
P38217	3.81
P38218	0
P38219	2.79
P38220	0
P38221	4.15
P38222	9.96
P38223	0
P38224	0
P38225	1.19
P38226	0.75
P38227	19.01
P38228	2.97
P38229	41.31
P38230	0
P38231	2.28
P38232	28.99
P38233	0
P38234	0
P38235	3.35
P38236	54.64
P38237	14.72
P38238	7.41
P38239	23.88
P38240	0
P38241	9.06
P38242	0
P38243	55.92
P38244	10.65
P38246	3.38
P38247	5.55
P38248	10.95
P38249	25.93
P38250	34.98
P38251	0.84
P38252	0
P38253	12.29
P38254	2.65
P38255	34.65
P38256	0
P38257	28.65
P38258	0
P38260	9.31
P38261	32.4
P38262	7.85
P38263	24.58
P38264	18.08
P38265	0
P38266	97.88
P38267	0
P38268	0
P38269	0
P38270	3.48
P38271	18.29
P38272	62.11
P38273	11.36
P38274	9.43
P38275	3.75
P38276	0
P38277	39.12
P38278	7.71
P38279	0
P38280	44.66
P38281	3.16
P38282	88.65
P38283	82.52
P38284	49.01
P38285	15.84
P38286	0
P38287	3.98
P38288	19.12
P38289	3.24
P38290	22.02
P38291	22.85
P38292	1.69
P38293	60.81
P38294	2.88
P38295	5.09
P38296	0
P38297	11.11
P38298	0
P38299	10.89
P38300	5.03
P38301	0
P38302	67.14
P38303	34.95
P38304	18.83
P38305	95.12
P38306	88.94
P38307	0
P38308	31.81
P38309	0
P38310	11.82
P38311	0
P38312	0
P38313	29.93
P38314	37
P38315	1.03
P38316	40.86
P38317	0
P38318	0.17
P38319	5.51
P38320	0
P38321	37.22
P38322	0
P38323	8.65
P38324	1.97
P38325	16.41
P38326	57.42
P38327	0
P38328	4.16
P38329	10.26
P38330	28.45
P38331	2.52
P38332	0
P38333	33.12
P38334	10.85
P38335	54.75
P38336	0.71
P38337	38.02
P38338	1.74
P38339	28.52
P38340	8.18
P38341	3.77
P38342	0
P38343	0
P38344	33.58
P38345	80.43
P38346	40
P38347	5.72
P38348	0.62
P38349	41.51
P38350	0
P38351	34.38
P38352	26.84
P38353	0
P38354	25
P38355	7.72
P38356	36.13
P38357	0.81
P38358	0.21
P38359	4.88
P38360	7.48
P38361	4.7
P38362	0
P38374	10.76
P38426	22.86
P38427	28.14
P38428	46.3
P38429	65.67
P38430	0
P38431	18.02
P38439	76.07
P38523	33.77
P38555	22.42
P38590	44.58
P38604	3.28
P38615	2.43
P38616	3.95
P38620	0
P38622	6.44
P38623	40.81
P38624	0
P38625	0.19
P38626	0.7
P38627	3.63
P38628	0.35
P38629	3.52
P38630	27.29
P38631	9.64
P38632	14.98
P38633	13.38
P38634	90.84
P38635	5.07
P38636	0
P38637	28.52
P38682	60.24
P38687	6.17
P38688	13.43
P38689	0
P38690	6.14
P38691	62.58
P38692	61.75
P38693	0.21
P38694	0.62
P38695	10.81
P38696	0
P38697	1.72
P38698	0.25
P38699	29.87
P38700	20.16
P38701	26.44
P38702	5.04
P38703	4.86
P38704	51.38
P38705	0.44
P38707	3.97
P38708	9.73
P38709	0
P38710	0
P38711	6.09
P38712	22.55
P38713	28.21
P38714	0.31
P38715	0
P38716	0
P38717	1.46
P38719	14.15
P38720	2.04
P38721	17.07
P38722	0.36
P38723	0.78
P38724	6.29
P38725	0
P38726	0
P38727	0
P38728	10
P38729	0
P38730	0
P38731	4.46
P38732	0
P38733	0
P38734	0
P38735	1.13
P38736	15.69
P38737	1.76
P38738	13.54
P38739	53.22
P38740	8.57
P38741	57.5
P38742	43.19
P38744	0
P38745	3.19
P38746	0.98
P38747	48.85
P38748	20.68
P38749	47.27
P38750	46.88
P38751	0
P38752	0
P38753	44.91
P38754	0
P38755	11.44
P38756	0
P38757	20.62
P38758	18.54
P38759	34.75
P38760	11.22
P38763	0
P38764	18.83
P38765	0
P38766	23.37
P38767	22.54
P38768	17.15
P38769	2.69
P38770	45.64
P38771	5.21
P38772	29.78
P38773	0.81
P38774	0.81
P38775	1.78
P38776	3.69
P38777	6.17
P38778	10.56
P38779	19.94
P38780	1.12
P38781	13.92
P38782	33.55
P38783	3.07
P38784	23.2
P38785	71.01
P38786	9.21
P38787	0.26
P38788	8.55
P38789	43.92
P38790	0
P38791	0
P38792	19.49
P38793	8.21
P38794	22.7
P38795	0.84
P38796	10.25
P38797	3.49
P38798	20.29
P38799	0.36
P38800	51.82
P38801	44.02
P38803	16.16
P38804	23.42
P38805	18.98
P38806	43.26
P38808	0
P38809	96.99
P38810	14.53
P38811	3.47
P38812	0
P38813	1.19
P38814	42.01
P38815	25.7
P38816	0.58
P38817	33.84
P38818	0.17
P38819	2.83
P38820	3.63
P38821	2.24
P38822	36.33
P38823	32.93
P38824	62.25
P38825	13.45
P38826	36.78
P38827	38.24
P38828	4.81
P38829	30.73
P38830	27.75
P38831	0
P38832	22.01
P38833	48.97
P38834	0
P38835	45.41
P38836	1.16
P38837	7.9
P38838	13.75
P38839	39.86
P38840	1.55
P38841	0
P38842	0
P38843	0
P38844	26.76
P38845	76.77
P38848	13.81
P38849	0.76
P38850	28.13
P38851	0.08
P38852	42.94
P38853	46.21
P38854	88.29
P38855	24.38
P38856	48.19
P38857	3.1
P38858	2.4
P38859	23.52
P38860	12.93
P38861	14.67
P38862	0.47
P38863	3.88
P38864	12.5
P38865	3.7
P38866	0
P38867	52.75
P38868	0
P38869	2.63
P38870	12.86
P38871	45
P38872	16.03
P38873	11.62
P38874	13.59
P38875	2.29
P38876	1.05
P38877	14.28
P38878	8.63
P38879	39.08
P38880	1.2
P38881	43.92
P38882	13.91
P38883	15.98
P38884	3.11
P38885	8.38
P38886	35.07
P38887	3.48
P38888	1.88
P38889	46.62
P38890	18.82
P38891	6.36
P38892	0
P38893	1.17
P38894	54.6
P38898	50.98
P38899	5.14
P38900	34.77
P38902	0
P38903	42.4
P38904	76.44
P38907	1.96
P38909	1.36
P38910	0
P38911	77.12
P38912	53.59
P38913	2.28
P38915	35.21
P38920	12.87
P38921	0
P38922	48.45
P38925	4.69
P38927	4.08
P38928	33.9
P38929	6.56
P38930	8.13
P38931	31.26
P38932	2.07
P38934	38.51
P38953	10.34
P38954	10.81
P38956	38.46
P38957	0
P38958	0
P38959	13.5
P38960	3.03
P38961	26.78
P38962	0
P38966	11.85
P38967	4.22
P38968	44.22
P38969	2.36
P38970	52.16
P38971	7.5
P38972	5.08
P38985	28.08
P38986	0
P38987	16.32
P38988	1.33
P38989	12.22
P38990	59.19
P38991	23.16
P38992	1.14
P38993	6.13
P38994	49.29
P38995	0
P38996	75.93
P38998	2.94
P38999	0
P39000	21.67
P39001	91.14
P39002	4.46
P39003	3.15
P39004	3.15
P39005	13.4
P39006	5.8
P39007	2.5
P39008	30.94
P39009	13.64
P39010	11.51
P39011	1.73
P39012	2.76
P39013	29.22
P39014	20.78
P39015	95.23
P39016	43.88
P39073	25.04
P39076	2.08
P39077	1.68
P39078	5.11
P39079	1.09
P39081	21.88
P39083	54.12
P39101	30.69
P39102	8.06
P39103	32.85
P39104	28.51
P39105	0
P39106	5.24
P39107	0.75
P39108	0.53
P39109	1.98
P39110	0.52
P39111	14.4
P39112	4.43
P39113	40.89
P39515	8.22
P39516	40.57
P39517	23.12
P39518	0
P39520	84.23
P39521	68.26
P39522	7.17
P39523	84.94
P39524	11.36
P39525	0.45
P39526	0.94
P39529	12.66
P39531	5.95
P39532	0
P39533	11.28
P39534	0
P39535	4.65
P39538	23.12
P39540	0
P39541	0
P39542	0
P39543	1.28
P39545	0
P39547	6.8
P39548	11.53
P39549	22.97
P39550	0
P39551	7.71
P39552	10.25
P39557	0
P39559	0
P39563	0
P39564	1.86
P39566	0
P39567	1.24
P39676	0
P39677	8.05
P39678	42.61
P39682	0.47
P39683	3.96
P39684	9
P39685	5.9
P39692	0.48
P39702	3.06
P39703	1.39
P39704	0.46
P39705	74.02
P39706	5.86
P39707	2.54
P39708	0.87
P39709	0.5
P39710	0
P39711	0
P39712	58.24
P39713	11.51
P39714	2.09
P39715	38.2
P39717	15.22
P39718	18.33
P39719	16.09
P39720	15.56
P39721	0
P39722	1.51
P39723	27.17
P39724	15.25
P39725	0
P39726	18.82
P39727	6.98
P39728	0
P39729	0.81
P39730	41.91
P39731	8.99
P39732	36.05
P39734	55.3
P39735	5.74
P39742	2.07
P39743	26.97
P39744	26.33
P39875	35.04
P39904	7.48
P39923	16.42
P39924	1.06
P39925	14.32
P39926	34.91
P39927	49.41
P39928	29.75
P39929	64.58
P39931	21.79
P39932	7.02
P39933	23.07
P39935	72.58
P39936	66.3
P39937	1.54
P39938	46.21
P39939	43.69
P39940	37.2
P39943	66.49
P39944	13.54
P39945	4.18
P39946	1.01
P39952	7.71
P39953	3.88
P39954	0
P39955	53.51
P39956	42.83
P39958	2.66
P39959	34.76
P39960	23.76
P39961	0.37
P39962	31.29
P39965	1.38
P39966	25.86
P39967	40.71
P39968	6.92
P39969	64.8
P39970	53.57
P39971	12.5
P39972	6.55
P39973	2.67
P39974	1.86
P39975	0
P39976	0.4
P39977	0
P39978	1.53
P39979	3.1
P39980	0.15
P39981	4.58
P39982	0
P39983	9.44
P39984	19.2
P39985	10.95
P39986	4.11
P39987	20.49
P39988	0
P39989	1.3
P39990	0
P39991	0.08
P39992	10.11
P39993	7.74
P39994	0.89
P39995	17.2
P39996	20.47
P39997	0.6
P39998	30.49
P39999	0
P40000	0
P40001	0
P40002	71.47
P40003	7.09
P40004	0.58
P40005	0.9
P40006	4
P40007	52.81
P40008	0.86
P40009	4.44
P40010	29.61
P40011	0
P40012	6.49
P40013	35.46
P40014	30.76
P40015	6.91
P40016	7.26
P40017	22.21
P40018	57.14
P40019	100
P40020	83.56
P40021	88.66
P40022	93.51
P40023	97.93
P40024	8.36
P40025	2.8
P40026	19.18
P40028	25.29
P40029	6.52
P40030	0
P40031	0
P40032	7.91
P40033	28.98
P40034	6.09
P40035	0
P40036	55.29
P40037	0
P40038	54.52
P40039	3.03
P40040	97.24
P40041	35.84
P40042	0
P40043	17.39
P40045	7.93
P40046	0
P40047	0.57
P40048	19.61
P40049	1.98
P40050	5.81
P40051	0
P40052	85.71
P40053	3.5
P40054	3.19
P40055	32.85
P40056	38.59
P40057	23.43
P40058	0.57
P40059	85.07
P40060	27.2
P40061	19.58
P40062	0
P40063	83.17
P40064	3.52
P40065	30.46
P40066	17.26
P40068	85.1
P40069	4.13
P40070	60.96
P40071	0.7
P40072	69.7
P40073	35.96
P40074	0.22
P40075	36.06
P40076	46.49
P40077	3.14
P40078	37.54
P40079	65.82
P40080	32.01
P40081	0
P40082	0
P40083	9.45
P40084	7.07
P40085	9.17
P40086	0
P40087	23.36
P40088	4.95
P40089	8.6
P40090	0
P40091	51.66
P40092	27.7
P40093	0
P40094	5.74
P40095	72.6
P40096	59.15
P40097	0
P40098	11.06
P40099	5.21
P40100	0
P40101	0
P40102	22.69
P40103	0.41
P40104	6.55
P40105	13.32
P40106	3.6
P40107	0.89
P40150	2.44
P40151	12.94
P40152	0.3
P40154	95.62
P40155	3.51
P40156	34.57
P40157	13.29
P40159	98.49
P40160	24.7
P40161	35.82
P40162	0
P40163	0
P40164	16.55
P40165	0
P40166	4
P40167	43.28
P40168	92.33
P40169	18.6
P40185	2.75
P40186	24.56
P40187	44.6
P40188	18.9
P40202	1.2
P40204	0
P40206	13.94
P40207	0
P40208	15.38
P40209	72.5
P40210	51.12
P40211	2.94
P40212	24.12
P40214	55.55
P40215	2.14
P40217	3.17
P40218	31.83
P40219	7.43
P40260	10.56
P40302	0
P40303	16.14
P40308	6.38
P40309	3.78
P40310	8.1
P40312	9.16
P40314	46.97
P40316	93.29
P40317	38.62
P40318	14.55
P40319	0
P40323	0
P40325	44.44
P40326	0
P40327	21.05
P40328	34.74
P40335	19.26
P40339	0.92
P40340	43.65
P40341	21.09
P40342	0
P40343	50.48
P40344	20
P40345	13.46
P40347	0
P40348	1.13
P40350	0.29
P40351	1.21
P40352	28.01
P40353	0.95
P40354	6.34
P40355	1.49
P40356	69.01
P40357	93.08
P40358	19.53
P40359	4.22
P40360	1.56
P40361	10.58
P40362	26.59
P40363	1.67
P40364	21.42
P40365	0
P40366	47.3
P40367	0.84
P40368	2.38
P40395	3.03
P40413	5.87
P40414	88.19
P40416	0.43
P40422	0
P40433	42.2
P40434	18.2
P40438	6.71
P40440	38.53
P40441	0
P40442	25.02
P40445	0
P40446	1.68
P40447	0
P40448	0
P40449	47.23
P40450	24.87
P40451	25.98
P40452	4.06
P40453	21.66
P40454	17.55
P40455	55.74
P40456	15.74
P40457	24.06
P40458	32.32
P40459	0.32
P40460	18.66
P40461	0
P40462	0.52
P40463	90.13
P40464	0.32
P40465	3.28
P40466	35.95
P40467	35.06
P40468	10.6
P40469	0.77
P40470	66.5
P40471	4.71
P40472	30.04
P40473	80.34
P40474	1.84
P40475	8.34
P40476	39.3
P40477	46.43
P40478	0.35
P40479	20.57
P40480	56.78
P40481	5.03
P40482	19
P40483	6.6
P40484	42.99
P40485	39.5
P40486	13.8
P40487	8.23
P40488	8.91
P40489	34.62
P40490	11.11
P40491	15.48
P40492	7.17
P40493	19.04
P40494	45.8
P40495	1.07
P40496	23.86
P40497	31.27
P40498	25.24
P40499	0
P40500	0.48
P40501	6.12
P40502	2.54
P40503	1.96
P40504	0
P40505	56.88
P40506	7.67
P40507	32.22
P40508	49.68
P40509	0
P40510	5.11
P40511	0
P40512	4.95
P40513	13.9
P40514	6.04
P40515	0
P40516	12.45
P40517	56.88
P40518	9.09
P40519	0
P40520	14.04
P40521	0
P40522	27.34
P40523	44.65
P40524	0
P40525	47.1
P40526	0
P40527	9.29
P40528	6.98
P40529	44.63
P40530	2.53
P40531	21.47
P40532	0
P40533	1.05
P40534	0
P40535	78.19
P40536	34.74
P40537	50.87
P40538	0
P40539	0
P40540	0
P40541	20.43
P40542	0
P40543	16.93
P40544	4.33
P40545	1.14
P40546	76.3
P40547	8.9
P40548	18.23
P40549	2.38
P40550	2.97
P40551	0
P40552	36.43
P40553	21.39
P40554	0
P40555	6.36
P40556	2.68
P40557	3.28
P40558	8.87
P40559	3.69
P40560	0
P40561	64.4
P40562	13.49
P40563	98.82
P40564	38.42
P40565	2.02
P40566	6.54
P40567	17.11
P40568	60.93
P40569	23.14
P40570	0.82
P40571	22.91
P40572	53.96
P40573	49.73
P40574	57.14
P40575	0
P40576	10.64
P40577	63.31
P40578	38.9
P40579	0
P40580	3.42
P40581	0
P40582	0
P40583	2.04
P40584	0
P40585	0
P40586	0
P40587	0
P40588	0
P40693	23.6
P40825	2.44
P40850	9.51
P40851	1.07
P40856	42.62
P40857	0
P40858	13.66
P40884	1.03
P40885	6.7
P40886	6.5
P40889	18.2
P40890	6.84
P40891	0
P40892	3.06
P40893	1.51
P40895	2.52
P40896	0
P40897	6.88
P40898	0
P40917	70.84
P40955	1.34
P40956	29.29
P40957	35.78
P40958	1.53
P40959	20.93
P40960	28.51
P40961	9.4
P40962	46.55
P40963	5.02
P40965	2.73
P40968	25.93
P40969	1.8
P40970	1.6
P40971	28.86
P40975	0
P40985	8.07
P40986	6.31
P40987	0
P40988	3.07
P40989	11.29
P40990	0
P40991	37.21
P40992	3.3
P40993	36.86
P40994	0
P41056	0.93
P41057	0
P41058	0
P41277	2
P41318	12.21
P41338	7.53
P41543	0.63
P41544	0
P41546	55.46
P41695	32.71
P41696	82.71
P41697	38.32
P41698	73.63
P41733	0
P41734	0
P41735	15.02
P41800	9.85
P41805	1.8
P41806	11.68
P41807	0
P41808	0
P41809	33.57
P41810	4
P41811	10.12
P41812	18.85
P41813	64.38
P41814	12.76
P41815	8.6
P41816	4
P41817	55.55
P41818	95.63
P41819	6.91
P41821	1.64
P41832	50.43
P41833	11.83
P41834	8.09
P41835	2.03
P41895	76.05
P41896	51.25
P41901	12.3
P41902	0
P41903	8.88
P41909	1.72
P41910	42.02
P41911	4.77
P41912	12.65
P41913	71.26
P41920	33.33
P41921	0.41
P41930	0.43
P41939	3.64
P41940	0
P41948	10.82
P42073	38.83
P42222	2.05
P42223	31.13
P42826	1.66
P42833	0.37
P42834	15.75
P42835	11.91
P42836	0
P42837	4.32
P42838	8.45
P42839	21.91
P42840	0
P42841	15.26
P42842	0.11
P42843	6.15
P42844	14.94
P42845	96.66
P42846	69.71
P42847	0.92
P42883	0
P42884	4.25
P42900	10.41
P42933	0.53
P42934	4.61
P42935	5.2
P42936	0
P42937	0
P42938	0.68
P42939	11.88
P42940	3.06
P42941	0
P42942	2.43
P42943	4.36
P42944	68.05
P42945	0.9
P42946	0
P42947	74.93
P42948	33.57
P42949	36.91
P42950	31.39
P42951	24.05
P43122	0
P43123	4.61
P43124	42.78
P43132	15.44
P43321	21.78
P43497	42.39
P43534	0
P43535	2.52
P43537	50.28
P43538	0
P43539	0
P43540	0
P43541	0
P43542	0
P43544	0
P43545	0.33
P43546	10.52
P43547	0
P43548	0.53
P43549	47.52
P43550	4.06
P43551	2.15
P43552	0.62
P43553	42.19
P43554	22.47
P43555	9.66
P43556	4.2
P43557	0.48
P43558	16.94
P43560	40.35
P43561	2.89
P43562	4.81
P43563	28.91
P43564	45.2
P43565	39.77
P43566	8.49
P43567	0
P43568	2.44
P43569	1.73
P43570	0.2
P43571	0.58
P43572	35.93
P43573	67.71
P43574	53.13
P43575	0
P43576	0
P43577	0
P43578	8.53
P43579	41.47
P43580	18.91
P43581	0
P43582	81.51
P43583	4.66
P43585	10.62
P43586	64.21
P43587	98.06
P43588	12.74
P43589	3.12
P43590	0
P43591	1.41
P43592	24.88
P43593	10.62
P43594	12.35
P43595	0.49
P43596	33.67
P43597	90.1
P43598	89.74
P43599	0
P43600	2.15
P43601	19.4
P43602	35.47
P43603	42.04
P43604	14.79
P43605	25.62
P43606	15.78
P43607	36.33
P43608	0
P43609	19.03
P43610	21.1
P43611	9.21
P43612	35.62
P43613	12.2
P43614	0
P43615	1.26
P43616	0
P43617	0
P43618	67.31
P43619	0
P43620	50.9
P43621	28.93
P43622	3.64
P43623	0
P43624	0
P43625	0
P43633	34.47
P43634	18.05
P43635	0
P43636	0
P43637	4.82
P43638	54.64
P43639	21.22
P43682	11.34
P45818	22.16
P45819	40.92
P45820	0
P45976	78.89
P45978	83.66
P46151	10.19
P46367	0.96
P46654	15.47
P46655	5.08
P46669	42.02
P46670	0.74
P46671	12.25
P46672	29.52
P46673	1.47
P46674	31.2
P46675	25.9
P46676	69.11
P46677	31.05
P46678	70.2
P46679	5.88
P46680	1.62
P46681	0.94
P46682	12.48
P46683	35.5
P46784	14.28
P46943	0.77
P46944	8.45
P46945	6.67
P46946	40.86
P46947	71.42
P46948	9.75
P46949	89.84
P46950	12.61
P46951	2.2
P46954	6.51
P46955	21.36
P46956	6.75
P46957	5.95
P46958	31.55
P46959	10.96
P46961	0.35
P46962	1.54
P46963	8.1
P46964	0
P46965	0
P46969	3.36
P46970	1.71
P46971	2.75
P46972	0.56
P46973	6.09
P46974	31.66
P46982	0.68
P46983	20.13
P46984	95.93
P46985	1.65
P46986	0
P46987	4.58
P46988	0
P46989	9.59
P46990	20.65
P46991	0
P46992	0
P46993	0
P46994	0
P46995	23.46
P46996	7.02
P46997	44.25
P46998	1.11
P46999	11.49
P47001	24.22
P47002	21.03
P47003	9.24
P47004	0
P47005	7.23
P47006	33.47
P47007	5.23
P47008	1.02
P47009	84.61
P47010	0
P47011	9.73
P47012	0
P47013	0.73
P47014	0
P47015	24.15
P47016	3.9
P47017	15.69
P47018	55.23
P47019	50.28
P47020	0
P47021	7.47
P47022	9.13
P47023	14.97
P47024	23.18
P47025	17.22
P47026	0
P47027	22.25
P47028	0
P47029	52.48
P47030	71.19
P47031	8.61
P47032	29.43
P47033	42.56
P47034	0
P47035	85.95
P47036	19.56
P47037	8.78
P47038	0
P47039	1.12
P47040	0
P47041	31.67
P47042	10.79
P47043	41.7
P47044	17.14
P47045	21.54
P47046	55.23
P47047	16.02
P47048	24.22
P47049	20.45
P47050	3.08
P47051	1.22
P47052	8.83
P47053	1.55
P47054	1.36
P47055	6.39
P47056	0
P47057	7.56
P47058	3.2
P47059	0
P47061	3.52
P47062	0
P47063	5.79
P47064	0.51
P47065	2.88
P47066	0
P47068	72.6
P47069	25.36
P47072	16.04
P47073	0
P47074	29.51
P47075	9.7
P47076	21.11
P47077	10.81
P47078	0
P47079	4.57
P47080	11.53
P47081	0
P47082	12.45
P47083	63.4
P47084	0
P47085	0.88
P47086	3.06
P47087	41.54
P47088	0.99
P47089	3.53
P47090	7.05
P47091	0
P47092	0
P47093	0
P47094	0
P47095	1.22
P47096	0.56
P47098	33.56
P47099	58.18
P47100	33.56
P47101	11.94
P47102	5.61
P47103	0.5
P47104	10.53
P47105	16.53
P47106	10
P47107	0
P47108	0.34
P47110	63.14
P47111	0
P47112	5.96
P47113	60.97
P47114	26.55
P47115	59.32
P47116	55.86
P47117	4
P47118	5.67
P47119	0
P47120	16.92
P47121	0
P47122	26.49
P47123	13.3
P47124	2.77
P47125	6.18
P47126	0
P47127	4.06
P47128	72.56
P47129	90.93
P47130	0.94
P47131	0
P47132	0
P47133	0
P47134	51.46
P47135	52.52
P47136	62.12
P47137	0.7
P47138	2.32
P47139	16
P47140	2.14
P47141	0
P47142	7.42
P47143	0
P47144	11.31
P47145	0
P47146	0
P47147	6.97
P47148	8.12
P47149	10.44
P47150	14.17
P47151	0
P47152	11.83
P47153	0
P47154	0
P47155	16.25
P47156	0.68
P47157	12.06
P47158	7.84
P47159	4.46
P47160	59.31
P47161	15.16
P47162	16.8
P47163	0
P47164	5.94
P47165	6.22
P47166	54.03
P47167	4.18
P47168	0
P47169	6.24
P47170	15.15
P47171	8.07
P47172	0
P47173	0
P47174	0
P47175	0.55
P47176	3.45
P47177	2.22
P47178	28.85
P47179	44.18
P47180	0.83
P47181	1.44
P47182	1.38
P47183	0
P47184	0
P47185	3.7
P47187	0
P47188	0
P47190	0.53
P47771	3.55
P47818	17.7
P47821	0.92
P47822	13.57
P47912	3.31
P47976	32.92
P47977	37.89
P47988	17.91
P48015	0
P48016	4.21
P48164	6.31
P48231	6.45
P48232	8.82
P48234	32.24
P48235	37.44
P48236	3.24
P48237	6.01
P48238	12.44
P48239	0
P48240	22.8
P48353	25.89
P48360	1.21
P48361	49.82
P48362	10.15
P48363	6.03
P48365	5.76
P48412	49.87
P48415	74.44
P48439	0
P48445	3.47
P48510	67.82
P48524	30.32
P48525	0
P48526	0.39
P48527	3.86
P48558	2.35
P48559	29.25
P48560	7.84
P48561	34.26
P48562	43.34
P48563	4.58
P48564	23.66
P48565	15.19
P48566	29.85
P48567	23.32
P48568	49.81
P48569	4.37
P48570	7.71
P48581	17.95
P48582	16.94
P48589	0
P48606	10.37
P48743	35.38
P48813	20.96
P48836	6.14
P48837	59.7
P49017	6.18
P49018	0
P49089	1.57
P49090	3.14
P49095	0.48
P49166	68.18
P49167	5.12
P49334	20.39
P49367	4.61
P49435	0
P49573	30.29
P49626	24.03
P49686	83.48
P49687	30.29
P49704	27.93
P49723	0.57
P49775	25.24
P49954	2.4
P49955	12.56
P49956	10.66
P49957	25.44
P49960	11.26
P50076	0.76
P50077	14.17
P50078	49.03
P50079	10.93
P50080	1.79
P50082	13.32
P50083	0
P50084	44.52
P50085	2.25
P50086	0
P50087	3
P50088	11.57
P50089	52.48
P50090	29.81
P50091	41.66
P50094	0.57
P50095	2.1
P50101	4.47
P50102	0.21
P50104	26.97
P50105	59.79
P50106	52.55
P50107	9.2
P50108	4.83
P50109	76.72
P50110	2.44
P50111	88.08
P50112	4.47
P50113	0
P50263	98.73
P50264	0.59
P50273	1.31
P50275	30.28
P50276	0.17
P50277	0.2
P50278	16.51
P50623	14.01
P50861	1.77
P50873	13.97
P50874	2.08
P50875	66.88
P50896	51.01
P50942	23.92
P50943	0
P50944	25.52
P50945	0
P50946	26.05
P50947	47.27
P51401	0
P51402	73.86
P51533	8.95
P51534	2.53
P51601	20.98
P51862	32.3
P51979	15.41
P51996	17.11
P51998	24.12
P52286	47.42
P52290	0
P52488	19.65
P52489	5.73
P52490	9.15
P52491	16.48
P52492	0
P52553	25.43
P52593	1.08
P52867	1.34
P52868	8.12
P52870	36.58
P52871	25
P52891	0.13
P52892	5.91
P52893	8.27
P52910	2.78
P52911	0
P52917	24.94
P52918	3.34
P52919	66.45
P52920	10.97
P52923	0
P52924	0
P52960	12.04
P53008	2.28
P53009	19.52
P53010	2.06
P53011	8.3
P53012	0.52
P53032	20.06
P53035	70.94
P53036	13.08
P53037	21.17
P53038	1.74
P53039	5.24
P53040	7.36
P53043	3.11
P53044	26.03
P53045	6.79
P53046	18.87
P53047	0
P53048	8.92
P53049	7.78
P53050	58.11
P53051	4.24
P53053	0
P53054	2.28
P53056	0
P53057	1.81
P53058	0
P53059	0
P53060	25.72
P53061	3.26
P53062	0.5
P53063	0.25
P53064	58.6
P53065	0.5
P53066	60.22
P53067	1.89
P53068	2.8
P53069	0
P53070	1.49
P53071	0
P53072	23.87
P53073	15.26
P53074	10.2
P53075	19.23
P53076	31.73
P53077	0
P53078	1.78
P53079	2.87
P53080	100
P53081	0
P53082	0
P53083	27.66
P53084	0
P53085	0
P53086	21.98
P53087	5.59
P53088	0.55
P53089	0
P53090	6.4
P53091	27.13
P53092	5.12
P53093	5.53
P53094	40.82
P53095	0
P53096	6.85
P53097	0
P53098	0
P53099	3.45
P53100	0.26
P53101	5.37
P53102	0.91
P53103	0
P53104	20.4
P53105	11.3
P53106	1.04
P53107	28.18
P53108	28.06
P53109	9.64
P53110	0.54
P53111	1.15
P53112	43.4
P53113	0
P53114	9.36
P53115	36.4
P53116	0
P53117	2.25
P53118	9.19
P53119	5.6
P53120	15.99
P53121	22.81
P53122	12.17
P53123	0.93
P53124	25.17
P53125	25.71
P53126	3.6
P53127	12.18
P53128	2.16
P53129	11.49
P53130	0
P53131	15.38
P53132	0
P53133	1.13
P53134	2.89
P53135	37.87
P53136	4.96
P53137	31.08
P53138	0
P53139	100
P53140	8.51
P53141	0
P53142	0
P53143	0
P53144	2.79
P53145	27.03
P53146	22.85
P53147	51.08
P53148	47.43
P53150	34.2
P53151	0
P53152	20.43
P53153	1.82
P53154	0.89
P53155	33.85
P53156	17.18
P53157	6.92
P53158	50
P53159	12.66
P53160	0
P53161	0
P53162	0
P53163	23.19
P53164	0
P53165	87.36
P53166	14.26
P53167	0
P53168	51.41
P53169	3.74
P53170	0
P53171	3.83
P53172	40.79
P53173	0
P53174	13.92
P53175	11.88
P53176	7.26
P53177	12.82
P53178	0
P53179	28.96
P53181	0
P53182	0
P53183	0
P53184	4.16
P53185	24.09
P53186	16.52
P53187	14.01
P53188	95.83
P53189	40.22
P53190	0
P53191	70.7
P53192	0
P53193	20.65
P53194	12.8
P53195	13.62
P53196	1.67
P53197	32.5
P53198	0
P53199	3.15
P53200	5.24
P53201	30.67
P53202	0.94
P53203	12.12
P53204	21.01
P53205	0
P53206	1.01
P53207	41.29
P53208	0
P53209	0
P53210	35.35
P53211	0.91
P53212	19.31
P53213	17.43
P53214	25.58
P53215	0
P53216	0
P53217	0
P53218	0.63
P53219	0.87
P53220	10.04
P53221	7.08
P53222	89.65
P53223	0
P53224	18.01
P53225	0
P53226	61.6
P53227	48.33
P53228	8.1
P53229	0
P53230	1.29
P53231	14.4
P53232	9.34
P53233	0
P53234	13.42
P53235	27.57
P53236	36.2
P53237	0
P53238	43.28
P53239	0
P53240	0
P53241	2.69
P53242	0
P53243	3.85
P53244	17.06
P53245	0
P53246	5.11
P53247	0
P53248	0
P53249	34.86
P53250	16.86
P53251	66.66
P53252	37.46
P53253	17.2
P53254	8.24
P53255	8.08
P53256	0
P53257	0
P53258	8.94
P53259	0
P53260	4.91
P53261	39.33
P53262	6.03
P53263	0.67
P53264	6.06
P53265	0.5
P53266	14.65
P53267	64.13
P53268	0
P53269	2.31
P53270	0
P53271	1.9
P53272	0
P53273	11.48
P53274	89.13
P53275	4.8
P53276	5.32
P53277	74.41
P53278	82.96
P53279	0
P53280	8.82
P53281	54.35
P53282	0
P53283	24.59
P53284	0
P53285	4.49
P53286	47.07
P53287	3.6
P53288	47.78
P53289	76.42
P53290	2.05
P53291	2.7
P53292	21.73
P53293	1.06
P53294	1.23
P53295	3.26
P53296	0
P53297	65.51
P53298	48.52
P53299	15.23
P53300	0
P53301	27.61
P53302	0
P53303	19.54
P53304	1.28
P53305	32.72
P53306	0
P53307	0
P53308	0
P53309	51.58
P53310	0
P53311	1.36
P53312	8.66
P53313	38.33
P53314	5.85
P53315	0
P53316	29.83
P53317	60.2
P53318	0.62
P53319	0.81
P53320	2.18
P53321	0
P53322	12.92
P53323	0.76
P53324	0
P53325	0
P53326	1.85
P53327	0.71
P53329	42.52
P53330	70.06
P53331	9.58
P53332	2.29
P53333	16.63
P53334	21.24
P53335	62.73
P53336	4.98
P53337	0.64
P53338	1.69
P53339	0
P53340	0
P53341	2.91
P53342	0
P53343	0
P53344	0
P53378	10.35
P53379	6.71
P53388	11.18
P53389	2.04
P53390	8.99
P53394	13.39
P53397	0.26
P53427	0
P53437	14.52
P53438	76.3
P53507	0
P53538	0.48
P53540	0.59
P53541	0
P53549	18.53
P53550	67.62
P53551	45.73
P53552	21.03
P53583	0
P53584	0.43
P53598	5.77
P53599	20.96
P53600	4.76
P53604	82.38
P53615	1.35
P53616	24.76
P53617	46.43
P53622	7.57
P53628	32.86
P53629	16.19
P53630	8.01
P53631	3.9
P53632	37.32
P53633	0
P53685	3.97
P53686	14.56
P53687	20.35
P53688	11.62
P53691	8.35
P53717	0
P53718	50.2
P53719	55.18
P53720	11.97
P53721	4.91
P53722	0.88
P53723	9.65
P53724	28.05
P53725	66.12
P53726	0
P53727	0
P53728	18.18
P53729	3.72
P53730	0
P53731	5.26
P53732	43.13
P53733	19.78
P53734	24.32
P53735	27.93
P53736	1.17
P53737	14.78
P53738	2.22
P53739	60.8
P53740	3.3
P53741	57.08
P53742	20.57
P53743	47.78
P53744	0.53
P53745	0
P53746	5.98
P53747	16.89
P53748	2.14
P53749	4.11
P53750	0
P53751	7.79
P53752	0.22
P53753	11.99
P53754	7.72
P53755	22.29
P53756	0.6
P53757	6.72
P53758	0
P53759	3.78
P53769	44.78
P53819	11.88
P53820	88.46
P53821	0
P53822	0
P53823	0
P53824	0.33
P53825	0
P53826	0
P53827	0
P53828	0
P53829	26.54
P53830	23.15
P53831	0
P53832	54.07
P53833	0
P53834	5.88
P53835	0.45
P53836	54.81
P53837	0
P53838	5.2
P53839	7.71
P53840	12.68
P53841	1.52
P53842	0
P53843	34.22
P53844	7.42
P53845	18.15
P53846	4.54
P53847	12.33
P53848	0.48
P53849	0
P53850	17.2
P53851	8.29
P53852	8.99
P53853	21.96
P53854	68.15
P53855	12.43
P53856	0
P53857	39.43
P53858	70.17
P53859	26.71
P53860	7.4
P53861	55.93
P53862	0
P53863	42.2
P53864	0
P53865	31.49
P53866	50.97
P53867	3.23
P53868	0
P53869	0
P53870	16.12
P53871	6.72
P53872	74.01
P53873	1.4
P53874	49.74
P53875	8.22
P53876	18.51
P53877	8.46
P53878	8.84
P53879	47.12
P53880	0
P53881	11.65
P53882	35.69
P53883	55.08
P53884	0
P53885	63.66
P53886	8
P53887	0
P53888	1.52
P53889	5.79
P53890	74.33
P53891	20.68
P53892	46.15
P53893	14.77
P53894	44.04
P53895	29.41
P53896	0
P53897	79.76
P53898	5.01
P53899	16.05
P53900	15.5
P53901	57.7
P53902	2.22
P53903	36.43
P53904	17.71
P53905	28.69
P53906	2
P53907	34.59
P53908	19.23
P53909	0
P53910	6.34
P53911	76.23
P53912	0
P53913	51.44
P53914	12.87
P53915	0
P53916	0.46
P53917	24.44
P53918	17.68
P53919	79.26
P53920	2.6
P53921	34.78
P53922	0
P53923	0.4
P53924	43.67
P53925	11.64
P53926	0
P53927	41.81
P53928	0
P53929	10.74
P53930	16.37
P53932	24.92
P53933	41.22
P53934	1.5
P53935	63.62
P53936	0
P53937	12.58
P53938	16.12
P53939	57.49
P53940	19.12
P53941	13.1
P53942	3.25
P53943	12.79
P53944	0
P53946	22.11
P53947	35.75
P53948	4.54
P53949	4.06
P53950	78.62
P53951	0.49
P53952	63.7
P53953	5.93
P53954	0.54
P53955	36.28
P53956	9.3
P53957	15.09
P53958	85.85
P53959	15.01
P53960	2.85
P53961	1.31
P53962	9.25
P53963	33.49
P53964	0.35
P53965	16.72
P53966	1.53
P53967	0.95
P53968	70.05
P53969	1.23
P53970	0
P53971	6.83
P53972	3.67
P53973	5.52
P53974	44.98
P53975	1.05
P53976	31.2
P53977	0
P53978	9
P53979	0
P53980	2.47
P53981	0
P53982	3.33
P53983	1.18
P54000	84.93
P54003	15.56
P54005	6.84
P54007	0
P54070	1.79
P54072	9.54
P54074	5.92
P54113	0.16
P54114	3.55
P54115	5.2
P54199	49.08
P54730	28.84
P54780	31.86
P54781	0.18
P54783	2.85
P54784	20.13
P54785	80
P54786	68.47
P54787	21.72
P54790	2.43
P54791	1.32
P54837	0.94
P54838	1.36
P54839	5.09
P54854	3.7
P54857	0.92
P54858	50
P54860	5.51
P54861	12.54
P54862	5.99
P54867	49.73
P54885	1.75
P54964	17.47
P54999	4.65
P56508	0
P56628	5.73
P57743	4.49
P57744	0
P60010	2.93
P61829	0
P61830	33.82
P62651	0
P69771	29.41
P69850	31.91
P69851	20.83
P69852	2.89
P80210	3.92
P80235	9.6
P80428	15.74
P80667	23.31
P80967	24
P81449	0
P81450	0
P81451	22.05
P85052	0
P87012	0
P87108	0
P87191	15.44
P87261	0
P87262	45.45
P87263	0
P87264	0
P87266	0
P87267	0.81
P87268	0
P87269	4.1
P87270	0
P87271	21.56
P87272	0
P87273	0
P87274	0
P87275	2.91
P87280	0
P87281	0
P87282	0
P87283	0
P87284	0
P87285	0
P87286	0
P87287	0
P87288	0
P89102	6.69
P89105	20.51
P89113	1.63
P89114	9.89
P89495	0
P89886	0
P89888	1.97
P90471	0
Q00055	0.51
Q00245	10.82
Q00246	19.58
Q00362	21.1
Q00381	0
Q00402	17.94
Q00416	23.12
Q00453	56.39
Q00539	15.86
Q00578	21.94
Q00582	3.54
Q00590	0
Q00618	0
Q00684	32.84
Q00711	14.21
Q00723	9.5
Q00764	2.22
Q00772	22.52
Q00776	9.47
Q00816	82.05
Q00873	35.71
Q00916	35
Q00947	39.88
Q00955	4.92
Q01080	13.01
Q01159	13.28
Q01163	3.11
Q01217	2.54
Q01329	19.61
Q01389	56.49
Q01448	88.32
Q01454	10.67
Q01476	9.74
Q01477	43.64
Q01519	7.22
Q01532	0
Q01560	69.08
Q01574	8.69
Q01589	72.18
Q01590	42.35
Q01649	10.94
Q01662	12.4
Q01684	8.37
Q01722	67.41
Q01766	44.21
Q01802	0.22
Q01846	6.47
Q01852	21.57
Q01855	8.45
Q01896	4.39
Q01919	59.75
Q01926	0.21
Q01939	2.46
Q01976	5.62
Q02046	0
Q02100	80.98
Q02159	4.84
Q02196	0.49
Q02197	0
Q02199	54.44
Q02201	16.29
Q02202	0.26
Q02203	12.76
Q02204	20.07
Q02205	77.17
Q02206	18.07
Q02207	1.88
Q02208	61.34
Q02209	18.13
Q02217	0
Q02256	4.67
Q02260	20.54
Q02326	4.54
Q02336	13.36
Q02354	7.5
Q02455	43.14
Q02457	34.34
Q02486	7.65
Q02516	54.95
Q02521	36.21
Q02554	51.14
Q02555	18.47
Q02574	20.67
Q02590	2.73
Q02598	0
Q02606	50.65
Q02608	0
Q02629	77.26
Q02630	78.34
Q02642	40.12
Q02647	0
Q02648	7.58
Q02651	15.91
Q02659	12.43
Q02685	15.35
Q02710	36.36
Q02721	0
Q02724	23.83
Q02725	14.25
Q02732	17.34
Q02733	1
Q02749	40.95
Q02753	11.87
Q02754	9.09
Q02767	7.43
Q02770	26.91
Q02771	72.89
Q02772	10.18
Q02773	8.48
Q02774	13.33
Q02775	67.8
Q02776	17.43
Q02781	29.85
Q02783	0
Q02784	11.33
Q02785	5.09
Q02786	0
Q02792	27.43
Q02793	0.75
Q02794	32.88
Q02795	0.69
Q02796	78.61
Q02799	26.91
Q02803	0
Q02804	1.51
Q02805	40.02
Q02820	0
Q02821	19.74
Q02825	20.12
Q02826	0
Q02831	59.16
Q02863	9.01
Q02864	18.58
Q02866	32.18
Q02872	29.16
Q02873	42.74
Q02875	58.3
Q02883	0.64
Q02884	37.71
Q02887	17.13
Q02888	7.14
Q02889	16.81
Q02890	11.29
Q02891	3.28
Q02892	26.27
Q02895	1.75
Q02896	0.94
Q02908	2.69
Q02931	3.57
Q02932	0.09
Q02933	1.61
Q02939	6.62
Q02948	23.69
Q02950	6.39
Q02959	26.25
Q02961	0.25
Q02969	15.48
Q02979	10.54
Q02981	0
Q02983	17.9
Q03002	46.82
Q03010	2.6
Q03012	5.38
Q03016	42.94
Q03018	2.51
Q03020	2.42
Q03028	0
Q03029	4.93
Q03034	0.39
Q03036	5.02
Q03048	0
Q03049	3.19
Q03050	0
Q03051	6.06
Q03057	61.97
Q03063	81.85
Q03067	1.01
Q03071	2.02
Q03079	0
Q03080	20.88
Q03081	31.07
Q03083	3.63
Q03085	0
Q03088	53.81
Q03096	1.1
Q03099	15.79
Q03102	0
Q03103	1.77
Q03104	0.58
Q03124	4.47
Q03125	35.06
Q03144	1.33
Q03148	0
Q03151	3.54
Q03153	7.02
Q03161	6.06
Q03162	14.19
Q03175	0.29
Q03177	27.45
Q03178	21.4
Q03180	19.07
Q03186	0
Q03187	0.74
Q03193	5.8
Q03195	1.64
Q03201	0.98
Q03205	0
Q03207	0
Q03208	50.98
Q03210	28.51
Q03212	30.72
Q03213	69.68
Q03214	3.4
Q03218	14.9
Q03219	1.82
Q03220	24.06
Q03231	23.37
Q03233	16.16
Q03236	0
Q03246	4.64
Q03254	30.73
Q03262	4.82
Q03263	1.48
Q03264	27.76
Q03266	0.26
Q03280	12.79
Q03281	41.02
Q03289	0.26
Q03290	4.36
Q03305	12.86
Q03306	43.87
Q03308	0.12
Q03322	52.23
Q03323	82.28
Q03327	9.36
Q03330	18.22
Q03337	12.36
Q03338	43.28
Q03361	54.33
Q03362	0
Q03370	26.35
Q03373	62.53
Q03375	97.77
Q03388	72.32
Q03390	78.16
Q03406	14.62
Q03407	34.33
Q03418	0.61
Q03419	0.63
Q03429	52.03
Q03430	49.58
Q03433	28.92
Q03434	33.61
Q03435	45.32
Q03441	28.13
Q03446	50.95
Q03455	7.87
Q03465	54.23
Q03466	21.04
Q03480	0
Q03482	24
Q03483	57.07
Q03494	35.14
Q03496	0
Q03497	69.54
Q03503	0
Q03508	0.21
Q03516	6.71
Q03525	63.98
Q03529	1.04
Q03530	1.58
Q03532	12.87
Q03533	28.49
Q03554	0
Q03557	1.29
Q03558	12
Q03559	61.92
Q03579	1.33
Q03612	33.61
Q03619	33.21
Q03629	12.43
Q03630	1.88
Q03631	28.7
Q03640	24.14
Q03648	0
Q03649	6.01
Q03652	7.57
Q03653	12.02
Q03654	46.94
Q03655	8.2
Q03656	40.43
Q03660	0.18
Q03661	88.35
Q03667	66.66
Q03673	3.53
Q03674	7.08
Q03675	0.79
Q03677	1.11
Q03687	8.88
Q03690	13.46
Q03691	14.84
Q03694	35.47
Q03695	69.96
Q03697	0
Q03702	2.26
Q03703	69.41
Q03705	0
Q03707	47.84
Q03713	6.91
Q03714	11.33
Q03718	0
Q03722	29.81
Q03723	0
Q03730	0.25
Q03735	40.12
Q03750	54.7
Q03758	33.26
Q03759	1.9
Q03760	0
Q03761	74.95
Q03764	8.61
Q03768	30.18
Q03769	48.17
Q03770	10.21
Q03771	9.04
Q03772	100
Q03774	8.78
Q03776	0.18
Q03778	0
Q03780	75.85
Q03782	22.15
Q03783	0
Q03784	17.8
Q03785	8.89
Q03786	2.59
Q03787	0
Q03788	4.39
Q03790	49.05
Q03792	1.1
Q03795	4.57
Q03796	0
Q03798	3.52
Q03799	2.58
Q03818	38
Q03823	15.31
Q03824	0.7
Q03825	79.41
Q03829	18.47
Q03831	23.52
Q03833	55.59
Q03834	23.34
Q03835	18.8
Q03855	33.78
Q03856	57.5
Q03860	0
Q03862	5.73
Q03864	0
Q03868	19.75
Q03879	0
Q03880	30.32
Q03884	0
Q03885	0
Q03886	3.75
Q03888	0.4
Q03897	8.53
Q03898	64.94
Q03899	0
Q03900	3.63
Q03904	0
Q03913	0
Q03919	0
Q03920	0.45
Q03921	1.59
Q03935	78.59
Q03937	71.6
Q03940	5.61
Q03941	7.05
Q03942	0
Q03944	50.82
Q03954	39.39
Q03956	4.55
Q03957	37.5
Q03964	58.4
Q03973	48.78
Q03976	15.04
Q03981	0
Q03983	0.21
Q04002	3.61
Q04003	46.77
Q04004	17.82
Q04005	42.17
Q04006	0
Q04007	56.1
Q04013	5.09
Q04018	11.83
Q04019	7.76
Q04031	54.89
Q04033	2.13
Q04048	2.21
Q04049	6.17
Q04052	23.15
Q04053	19.36
Q04062	0.76
Q04066	4.98
Q04067	38.32
Q04069	0
Q04080	2.05
Q04081	0.3
Q04082	0
Q04083	0.27
Q04087	67.14
Q04089	34.87
Q04093	21.97
Q04100	0
Q04110	54.63
Q04116	67.98
Q04119	12.9
Q04120	1.02
Q04121	13.27
Q04149	20.09
Q04162	3.42
Q04170	5.17
Q04172	19.29
Q04174	0
Q04175	0.63
Q04177	21.46
Q04178	10.4
Q04179	0
Q04182	10.66
Q04183	1.08
Q04195	60.39
Q04199	12.82
Q04201	65.81
Q04203	0
Q04210	0
Q04212	0.29
Q04213	39.36
Q04214	33.67
Q04215	59.77
Q04216	7.01
Q04217	28.96
Q04223	0.66
Q04225	39.53
Q04226	21.67
Q04228	13.52
Q04231	0
Q04233	66.27
Q04235	1.29
Q04264	9.94
Q04272	38
Q04276	4.23
Q04279	98.64
Q04299	0
Q04301	3.02
Q04304	0
Q04305	8.96
Q04307	0.9
Q04311	29.27
Q04322	31.66
Q04329	19.68
Q04336	15.44
Q04338	17.05
Q04341	0
Q04344	0
Q04347	54.52
Q04359	31.48
Q04364	3.69
Q04368	0.33
Q04370	4.51
Q04371	1.48
Q04372	24.86
Q04373	18.75
Q04377	17.4
Q04383	31.66
Q04396	0
Q04398	0
Q04399	3.78
Q04401	19.54
Q04406	5.88
Q04408	8.9
Q04409	1.2
Q04410	24.46
Q04411	17.87
Q04412	16.59
Q04413	29.35
Q04418	37.12
Q04429	46.8
Q04430	3.54
Q04431	8.31
Q04432	0
Q04433	73.67
Q04434	0
Q04436	0
Q04437	12.4
Q04438	79.13
Q04439	25.51
Q04458	0
Q04461	52.16
Q04471	38.04
Q04472	7.78
Q04477	11.26
Q04487	0
Q04489	3.8
Q04491	7.4
Q04493	12.26
Q04500	85.98
Q04501	0
Q04502	0
Q04511	25.29
Q04516	0
Q04521	0
Q04526	10.52
Q04533	12.17
Q04545	25.01
Q04549	0
Q04562	1.78
Q04585	13.84
Q04597	0
Q04598	3.8
Q04599	12.63
Q04600	5.48
Q04601	3.52
Q04602	26.04
Q04603	51.53
Q04608	7.4
Q04623	0
Q04629	0
Q04632	31.13
Q04636	21.55
Q04638	0
Q04651	0
Q04658	5.42
Q04659	29.02
Q04660	32.58
Q04670	33.56
Q04673	17.78
Q04674	0
Q04675	6.25
Q04689	7.39
Q04693	6.09
Q04697	2.97
Q04705	0
Q04706	57.5
Q04711	33.56
Q04712	23.66
Q04728	0
Q04734	0
Q04739	64.5
Q04740	13.79
Q04746	0
Q04748	2.11
Q04749	47.88
Q04751	2.1
Q04767	0
Q04772	16.41
Q04773	48.27
Q04779	31.43
Q04781	0.12
Q04792	11.62
Q04806	6.83
Q04814	5.22
Q04835	11.83
Q04838	0
Q04839	92.02
Q04847	0
Q04867	0.94
Q04868	1.09
Q04869	0.57
Q04893	58.33
Q04894	1.38
Q04895	0.31
Q04897	0
Q04898	0
Q04902	0
Q04909	0
Q04921	18.67
Q04922	39.56
Q04923	0
Q04924	6.12
Q04925	0.96
Q04930	50.32
Q04934	47.24
Q04935	28.78
Q04947	26.44
Q04949	0
Q04951	27.76
Q04952	2.01
Q04958	22.09
Q04964	73.07
Q04969	1.68
Q04978	55.18
Q04991	0.39
Q05015	2.69
Q05016	1.12
Q05021	57.62
Q05022	14.28
Q05024	39.82
Q05027	21.01
Q05029	4.14
Q05031	4.36
Q05040	25.04
Q05043	50.79
Q05050	65.48
Q05080	46.63
Q05123	6.63
Q05131	1.84
Q05164	34.12
Q05166	64.2
Q05359	0
Q05451	0
Q05468	26.97
Q05471	30.58
Q05473	3.82
Q05497	20
Q05498	8.99
Q05503	0
Q05506	1.81
Q05510	6.8
Q05515	25.77
Q05518	96.59
Q05521	2.42
Q05530	0
Q05533	1.02
Q05541	8.25
Q05543	49.38
Q05549	3.52
Q05567	2.37
Q05568	0.89
Q05580	36.77
Q05583	0.3
Q05584	6.2
Q05610	52.6
Q05611	3.4
Q05612	0
Q05635	8.28
Q05636	1.96
Q05637	0
Q05648	12.31
Q05670	4.72
Q05672	61.48
Q05676	16.21
Q05775	63.01
Q05776	1.71
Q05777	48.81
Q05778	6.52
Q05779	0
Q05785	73.4
Q05787	10.32
Q05788	6.1
Q05789	18.58
Q05790	3.79
Q05791	12.22
Q05809	36.45
Q05812	90.93
Q05827	1.69
Q05854	50.63
Q05863	67.09
Q05867	16.87
Q05871	0.71
Q05874	7.27
Q05881	3.94
Q05892	3.24
Q05898	0.92
Q05899	11.62
Q05900	53.67
Q05902	2.72
Q05905	2.04
Q05911	0
Q05919	1.13
Q05924	1.03
Q05926	0
Q05930	0.66
Q05931	8.06
Q05933	0
Q05934	15.98
Q05937	54.81
Q05942	51.81
Q05946	1.22
Q05947	2.71
Q05948	0.24
Q05949	6.32
Q05955	0.6
Q05958	49.38
Q05979	0.44
Q05998	6.68
Q06001	33.05
Q06005	6.09
Q06010	2.82
Q06011	43.75
Q06032	51.45
Q06051	0
Q06053	21.25
Q06057	0
Q06058	2.45
Q06063	2.17
Q06070	45.61
Q06071	4.09
Q06078	8.62
Q06089	0
Q06090	0.71
Q06091	6.28
Q06096	4.41
Q06098	4.28
Q06102	10.09
Q06103	1.86
Q06104	10.54
Q06106	37.88
Q06107	1.26
Q06108	46.26
Q06109	0
Q06116	4.29
Q06127	0
Q06132	31.14
Q06134	16.56
Q06135	2.88
Q06137	3.14
Q06139	20.79
Q06142	0.58
Q06143	2.34
Q06144	21.75
Q06146	91.58
Q06147	27.07
Q06148	21.05
Q06149	2.99
Q06150	0
Q06151	0.85
Q06152	54.37
Q06156	4.59
Q06158	0
Q06159	15.82
Q06160	23.9
Q06162	1.3
Q06163	0.33
Q06164	18.36
Q06168	26.05
Q06169	30.4
Q06170	27.91
Q06177	96.51
Q06178	30.42
Q06179	2.28
Q06188	26.97
Q06199	4.9
Q06200	22.09
Q06201	26.59
Q06204	0
Q06205	71.17
Q06208	0
Q06211	1.35
Q06213	29.93
Q06214	17.47
Q06216	22.53
Q06217	0.9
Q06218	20.53
Q06224	7.44
Q06235	36.44
Q06236	4.76
Q06244	4.72
Q06245	3.55
Q06247	3.28
Q06251	30.41
Q06252	1.99
Q06263	33.63
Q06266	36.6
Q06267	20
Q06287	7.14
Q06315	54.48
Q06321	17.69
Q06324	65.37
Q06325	4.69
Q06328	6.62
Q06333	11.47
Q06336	29.44
Q06337	44.9
Q06338	17.66
Q06339	23.21
Q06340	49.12
Q06344	69.74
Q06346	0
Q06349	6.1
Q06350	2.93
Q06385	11.88
Q06389	0
Q06390	22.87
Q06405	0.99
Q06406	3.48
Q06407	57.28
Q06408	1.57
Q06409	4.65
Q06410	0.71
Q06411	10.87
Q06412	20.81
Q06417	0
Q06436	33.58
Q06440	37.94
Q06449	58.6
Q06451	23.79
Q06466	2.99
Q06469	3.17
Q06479	12.51
Q06485	14.21
Q06488	41.84
Q06489	1.7
Q06490	0
Q06493	18.28
Q06494	0.86
Q06497	2.13
Q06504	8.2
Q06505	57.56
Q06506	19.54
Q06508	0.66
Q06510	7.61
Q06511	54.4
Q06512	0.54
Q06522	0
Q06523	43.21
Q06524	20.87
Q06525	26.88
Q06537	0
Q06538	3.32
Q06541	0
Q06543	6.25
Q06549	0
Q06551	1.67
Q06554	9.83
Q06563	0
Q06567	0.17
Q06568	37.03
Q06580	12.26
Q06592	0
Q06593	0
Q06594	11
Q06595	0
Q06596	12.92
Q06597	0
Q06598	2.22
Q06604	85.24
Q06608	20
Q06616	54.29
Q06623	17.7
Q06624	4.61
Q06625	2.79
Q06628	61.78
Q06629	26.85
Q06630	6.63
Q06631	47.19
Q06632	7.66
Q06636	6.84
Q06639	13.67
Q06640	17.99
Q06644	0.45
Q06648	69.19
Q06651	27.62
Q06665	4.04
Q06667	0
Q06668	5.09
Q06671	25.16
Q06672	28.29
Q06673	16.4
Q06674	0.96
Q06675	17.11
Q06676	0
Q06677	44.61
Q06678	2.45
Q06679	6.31
Q06680	19.32
Q06681	50
Q06682	46
Q06683	0.58
Q06685	25.04
Q06686	0
Q06688	2.55
Q06689	1.33
Q06695	15.15
Q06696	5.65
Q06697	26.71
Q06698	13.44
Q06702	0
Q06703	0
Q06704	51.26
Q06705	9.8
Q06706	6.3
Q06707	0
Q06708	10.68
Q06709	39.35
Q06810	58.61
Q06813	33.87
Q06815	20.47
Q06817	1.61
Q06819	0
Q06820	47.66
Q06821	9.64
Q06822	2.7
Q06833	34.67
Q06834	5.55
Q06835	0
Q06836	38.9
Q06839	17.24
Q06891	0
Q06892	7.97
Q06991	0
Q07074	23.94
Q07084	43.96
Q07349	0.23
Q07350	19.92
Q07351	53.06
Q07355	0
Q07362	82.7
Q07376	1.44
Q07379	1.21
Q07381	23.47
Q07395	5.48
Q07410	0
Q07418	83.62
Q07435	0
Q07438	0
Q07442	39.81
Q07451	6.4
Q07454	8.84
Q07457	17.14
Q07458	23.46
Q07468	1.04
Q07471	3.44
Q07478	13.45
Q07500	1.1
Q07505	0.36
Q07508	10.34
Q07509	0
Q07521	0
Q07527	0.69
Q07528	34.53
Q07530	3.89
Q07532	51.27
Q07533	23.5
Q07534	1.95
Q07535	0
Q07540	4.02
Q07541	10.73
Q07549	33.57
Q07551	0.32
Q07555	68.38
Q07560	0.7
Q07589	0
Q07613	0
Q07622	34.99
Q07623	82.66
Q07629	39.11
Q07648	0
Q07649	0
Q07651	20.71
Q07653	100
Q07655	59.16
Q07657	38.11
Q07658	0.93
Q07660	6.22
Q07684	38.64
Q07688	0.59
Q07716	0
Q07729	5.31
Q07732	35.18
Q07738	0.81
Q07746	7.69
Q07747	6.99
Q07748	0
Q07786	1.12
Q07788	0
Q07790	0
Q07791	35.14
Q07793	36.59
Q07794	5.27
Q07798	0
Q07799	3.45
Q07800	54.56
Q07804	3.66
Q07807	43.57
Q07811	0
Q07821	26.4
Q07824	15.18
Q07825	6.14
Q07829	0
Q07830	0.78
Q07834	7.39
Q07843	0
Q07844	21.02
Q07845	7.12
Q07865	0
Q07872	48.17
Q07878	8.07
Q07879	0
Q07880	0
Q07881	0
Q07887	0
Q07888	18.41
Q07895	3.82
Q07896	30.61
Q07897	27.14
Q07904	1.91
Q07913	0
Q07914	20.23
Q07915	22.61
Q07921	0
Q07923	0
Q07927	0
Q07928	3.54
Q07930	5.39
Q07938	3.26
Q07949	51.63
Q07950	15.98
Q07951	10.61
Q07953	1.2
Q07959	10.49
Q07963	4.7
Q07967	60.45
Q07978	1.07
Q07979	19.52
Q07980	27.48
Q07986	0
Q07987	0
Q07988	9.37
Q07989	10.37
Q07990	15.52
Q07992	0
Q07993	1.12
Q08001	19.19
Q08003	10.5
Q08004	45.78
Q08018	10
Q08023	4.11
Q08027	0.76
Q08032	15.07
Q08045	4.58
Q08054	36.95
Q08058	0.96
Q08096	0
Q08108	3.35
Q08109	23.77
Q08110	0
Q08118	20.3
Q08119	27.73
Q08144	19.14
Q08157	55.89
Q08162	4.39
Q08172	0
Q08176	4.42
Q08179	28.09
Q08182	77.14
Q08187	17.41
Q08193	23.14
Q08199	6.41
Q08202	14.63
Q08204	8.96
Q08205	0
Q08206	78.31
Q08207	0
Q08208	51.85
Q08213	0
Q08214	5.52
Q08215	7.31
Q08216	4.01
Q08217	11.35
Q08218	4.77
Q08219	0.29
Q08220	1.62
Q08222	1.88
Q08223	15.44
Q08224	0
Q08225	0.28
Q08226	5.64
Q08227	0
Q08229	80.43
Q08230	0
Q08231	0
Q08232	19.25
Q08234	3.86
Q08235	13.4
Q08236	53.14
Q08237	30.79
Q08238	0
Q08240	0
Q08241	0
Q08245	88.49
Q08259	0
Q08268	2.99
Q08269	48.19
Q08270	44.44
Q08271	7
Q08272	0
Q08273	20.66
Q08278	26.12
Q08280	4.42
Q08281	39
Q08282	2.01
Q08285	0.41
Q08287	41.11
Q08293	0
Q08295	6.45
Q08299	1.98
Q08300	9.94
Q08321	0
Q08322	0
Q08347	0.3
Q08361	4.89
Q08373	0
Q08387	1.69
Q08409	1.79
Q08411	0
Q08412	95.37
Q08416	1.27
Q08417	0
Q08419	6.95
Q08421	21.84
Q08422	56.66
Q08428	46.9
Q08438	65.72
Q08439	0
Q08444	43.79
Q08446	27.84
Q08448	0
Q08457	0
Q08465	14.15
Q08471	83.94
Q08474	0
Q08484	40.5
Q08485	2.84
Q08486	0
Q08490	81.69
Q08491	14.32
Q08492	88.78
Q08496	0.68
Q08498	0
Q08503	0
Q08504	0
Q08521	0
Q08522	0
Q08532	0
Q08533	0
Q08540	0
Q08543	0
Q08548	5.81
Q08550	25.64
Q08553	9.57
Q08558	1.84
Q08559	7.75
Q08560	5.55
Q08561	80.17
Q08562	26.31
Q08579	4.67
Q08580	7.18
Q08581	55.66
Q08601	35.87
Q08604	13.76
Q08620	0
Q08621	0
Q08622	3.05
Q08630	0
Q08634	0
Q08641	56.21
Q08645	1.27
Q08646	6.73
Q08647	17.15
Q08649	15.05
Q08650	5.26
Q08651	3.33
Q08673	34.76
Q08681	9
Q08683	0.58
Q08685	0.67
Q08686	10.52
Q08687	42.69
Q08689	0
Q08692	18.7
Q08693	13.47
Q08702	0
Q08723	14.79
Q08726	5.47
Q08728	0
Q08729	23.72
Q08732	61.79
Q08734	0
Q08736	0
Q08741	1.88
Q08742	4.69
Q08743	0
Q08745	14.28
Q08746	51.72
Q08747	29.38
Q08748	5.19
Q08749	0
Q08750	2.08
Q08754	4.28
Q08756	5.88
Q08760	7.81
Q08773	22.5
Q08774	0.41
Q08777	14.58
Q08786	0
Q08789	0
Q08811	0
Q08816	27.69
Q08817	30.34
Q08818	3.61
Q08822	2.37
Q08826	5.55
Q08831	70.36
Q08842	0
Q08844	0
Q08872	0
Q08873	10.5
Q08886	14.93
Q08887	66.6
Q08900	0
Q08902	0.38
Q08903	6.25
Q08904	11.72
Q08905	3.09
Q08906	27.45
Q08907	50
Q08908	1.72
Q08909	7.58
Q08910	0
Q08911	8.77
Q08912	10.73
Q08913	1.6
Q08914	0
Q08915	0
Q08916	17.14
Q08919	6.51
Q08920	24.51
Q08921	81.72
Q08922	20.47
Q08923	76.28
Q08924	0
Q08925	29.08
Q08926	74.01
Q08927	0
Q08929	0
Q08930	6.38
Q08931	68.42
Q08932	58.53
Q08949	35.78
Q08951	23.92
Q08952	20.87
Q08953	0
Q08954	43.33
Q08955	0
Q08956	6.29
Q08957	28.12
Q08958	0
Q08959	0
Q08960	10.24
Q08961	0.51
Q08962	0
Q08963	14.28
Q08964	3.17
Q08965	44.97
Q08966	48.37
Q08967	17.78
Q08968	2.9
Q08969	100
Q08970	22.31
Q08971	0
Q08972	16.63
Q08974	1.03
Q08975	0.36
Q08976	0
Q08977	24.13
Q08979	35.94
Q08980	0.84
Q08981	42.1
Q08984	1.16
Q08985	0
Q08986	4.77
Q08989	11.08
Q08990	31
Q08991	1.6
Q08992	0
Q08993	0
Q08994	0
Q08995	21.51
Q10740	2.53
Q12000	48.69
Q12001	0
Q12003	0.82
Q12004	1.77
Q12006	10.58
Q12008	6.75
Q12009	12.58
Q12010	6.81
Q12012	0
Q12013	1.33
Q12015	34.58
Q12016	0
Q12017	33.91
Q12018	3.19
Q12019	12.74
Q12020	25.25
Q12021	15.61
Q12023	0
Q12024	9.78
Q12025	18.04
Q12026	33.33
Q12027	9.32
Q12028	2.4
Q12029	4.89
Q12030	48.05
Q12031	0.52
Q12032	0
Q12033	2.72
Q12034	59.28
Q12035	53.45
Q12036	0
Q12038	8.32
Q12039	0.42
Q12040	13.47
Q12041	54.45
Q12042	0
Q12043	18.55
Q12044	56.98
Q12045	17.31
Q12046	20.35
Q12047	0
Q12048	13.23
Q12049	31.48
Q12050	10.11
Q12051	1.19
Q12052	12.38
Q12055	13.19
Q12056	0
Q12057	50.35
Q12058	0
Q12059	0.64
Q12060	30.94
Q12063	18.93
Q12064	1.03
Q12066	22.72
Q12067	0
Q12068	2.92
Q12069	12.98
Q12070	0
Q12071	15.18
Q12072	34.97
Q12074	0
Q12077	9.25
Q12078	0
Q12079	5.77
Q12080	58.68
Q12082	6.77
Q12083	0
Q12084	2.58
Q12085	57.95
Q12086	3.25
Q12088	33.5
Q12089	4.45
Q12090	1.23
Q12091	17.76
Q12092	42.72
Q12093	5.51
Q12094	41.21
Q12096	1.01
Q12098	53.6
Q12099	0.75
Q12100	53.87
Q12102	16.99
Q12103	8.5
Q12104	22.05
Q12106	7.94
Q12107	15.84
Q12108	7.4
Q12109	6.94
Q12110	17.05
Q12111	0
Q12112	33.61
Q12113	35.08
Q12114	60.65
Q12115	0
Q12116	2.32
Q12117	9.37
Q12118	51.44
Q12119	0.37
Q12121	18.54
Q12122	9.31
Q12123	5.66
Q12124	80.04
Q12125	0
Q12127	20.3
Q12128	39.11
Q12129	4.58
Q12130	0
Q12132	79.28
Q12133	0
Q12134	8.23
Q12135	0
Q12136	78.52
Q12138	61.02
Q12139	40.15
Q12140	11.28
Q12141	33.39
Q12142	34.7
Q12143	13.42
Q12144	0
Q12145	41.95
Q12146	0
Q12147	0
Q12148	10
Q12149	19.09
Q12150	3.61
Q12151	48.74
Q12152	46.05
Q12153	43.48
Q12154	7.62
Q12155	0
Q12156	13.42
Q12157	10.3
Q12158	52.12
Q12159	76.54
Q12160	21.42
Q12161	59.11
Q12163	55.08
Q12164	5.01
Q12165	0
Q12166	2.81
Q12167	1.64
Q12168	14.37
Q12169	0
Q12171	2.89
Q12172	15.43
Q12173	17.93
Q12174	0
Q12175	1.77
Q12176	43.41
Q12177	2.01
Q12178	0
Q12179	7.48
Q12180	19.7
Q12181	2.08
Q12182	15.67
Q12184	7.55
Q12185	0
Q12186	51.68
Q12187	0.91
Q12188	31.47
Q12189	2.32
Q12191	84.45
Q12192	59.03
Q12193	33.14
Q12194	7.51
Q12195	0
Q12196	16.94
Q12198	1.91
Q12199	21.91
Q12200	0
Q12202	11.46
Q12204	21.53
Q12205	10.36
Q12206	21.19
Q12207	0
Q12208	6.2
Q12209	11.51
Q12210	0
Q12211	26.1
Q12212	0.8
Q12213	11.47
Q12214	2.76
Q12215	51.79
Q12216	45.45
Q12217	57.5
Q12218	26.07
Q12219	8.16
Q12220	4.34
Q12221	44.93
Q12222	0
Q12223	1.68
Q12224	87.42
Q12225	0
Q12226	4.64
Q12229	19.78
Q12230	39.29
Q12232	20.61
Q12233	0
Q12234	59.71
Q12235	0.18
Q12236	49.21
Q12239	0
Q12240	34.3
Q12241	42.75
Q12242	25.18
Q12243	0
Q12244	2.01
Q12245	0
Q12246	18.26
Q12247	88.74
Q12248	27.65
Q12249	0
Q12250	0.44
Q12251	0
Q12252	14.32
Q12253	0.37
Q12254	19.23
Q12255	8.3
Q12256	27.46
Q12257	21.17
Q12259	3.91
Q12260	55.93
Q12261	0
Q12262	11.04
Q12263	41.76
Q12264	0
Q12265	19.95
Q12266	60
Q12267	28.63
Q12269	33.61
Q12270	0
Q12271	21.22
Q12272	0
Q12273	33.56
Q12274	27.42
Q12275	9.76
Q12276	45.1
Q12277	0
Q12280	5.15
Q12281	0
Q12282	8.89
Q12283	4.72
Q12284	3.06
Q12285	25
Q12286	2.23
Q12287	15.94
Q12288	0
Q12289	5.81
Q12291	0.82
Q12292	4.61
Q12293	58.21
Q12296	42.91
Q12297	42.77
Q12298	2.04
Q12300	21.75
Q12301	5.85
Q12303	8.26
Q12305	5.75
Q12306	52.47
Q12307	0
Q12308	0
Q12309	0.29
Q12310	15.73
Q12311	6.55
Q12312	0
Q12314	0.46
Q12315	33.08
Q12316	33.27
Q12317	7.31
Q12318	0
Q12320	1.4
Q12321	28.97
Q12322	6.93
Q12324	6.07
Q12325	12.98
Q12326	16.5
Q12327	0
Q12328	14
Q12329	65.86
Q12330	1.06
Q12331	4.41
Q12333	3.06
Q12334	65.02
Q12335	3.53
Q12336	2.97
Q12337	35.08
Q12338	25.45
Q12339	42.51
Q12340	7.88
Q12341	0.26
Q12342	15.07
Q12343	30.28
Q12344	52.46
Q12345	32.8
Q12346	12.79
Q12347	4.65
Q12348	10.07
Q12349	60.48
Q12350	4.31
Q12351	0
Q12352	0
Q12354	0
Q12355	8.1
Q12358	11.89
Q12359	6.54
Q12361	31.32
Q12362	9.3
Q12363	15.33
Q12365	40.51
Q12366	0.56
Q12367	4.35
Q12368	0.51
Q12369	17.86
Q12370	0
Q12372	0.17
Q12373	48.83
Q12374	0
Q12375	0
Q12377	4.14
Q12378	0
Q12379	48.82
Q12380	0
Q12382	3.79
Q12383	11.55
Q12385	3.29
Q12386	25.42
Q12387	0
Q12389	38.39
Q12390	0
Q12391	58.4
Q12392	55.93
Q12393	0
Q12394	0.82
Q12395	3.71
Q12396	4.27
Q12398	58.29
Q12400	27.64
Q12402	0
Q12403	10.22
Q12404	5.03
Q12405	6.71
Q12406	12.99
Q12407	21.25
Q12408	1.73
Q12411	36.94
Q12412	7.79
Q12414	33.5
Q12415	24.36
Q12416	98.64
Q12417	5.09
Q12418	30.47
Q12420	87.05
Q12421	33.16
Q12424	1.57
Q12425	3.24
Q12426	0
Q12427	73.29
Q12428	0
Q12429	4.52
Q12431	0
Q12432	33.41
Q12433	70.31
Q12434	7.42
Q12436	14.92
Q12438	14.28
Q12439	56.16
Q12440	1.87
Q12441	57.27
Q12442	0.63
Q12443	51.65
Q12444	52.38
Q12445	38.12
Q12446	77.72
Q12447	0
Q12448	0
Q12449	16.57
Q12450	0
Q12451	29.38
Q12452	0
Q12453	24.44
Q12454	1.33
Q12455	0.33
Q12457	30.52
Q12458	0
Q12459	65.47
Q12460	16.86
Q12461	5.58
Q12462	0
Q12463	0.69
Q12464	11.25
Q12465	3.36
Q12466	6.23
Q12467	12.32
Q12468	22.27
Q12469	17.4
Q12470	57.27
Q12471	3.52
Q12472	35.08
Q12473	0.7
Q12476	56.39
Q12477	13.81
Q12479	0
Q12480	1.16
Q12481	70.66
Q12482	2.88
Q12483	0
Q12484	0.92
Q12485	57.95
Q12486	3.66
Q12487	4.29
Q12488	0
Q12489	71.02
Q12490	33.9
Q12491	34.91
Q12492	0
Q12493	7.56
Q12494	51.61
Q12495	56.6
Q12496	2.79
Q12497	98.92
Q12498	10.21
Q12499	25.24
Q12500	39.26
Q12501	35.7
Q12502	53.42
Q12504	3.44
Q12505	23.1
Q12506	0
Q12507	13.29
Q12508	2.13
Q12509	3.88
Q12510	20.3
Q12511	19.58
Q12512	0
Q12513	40
Q12514	44.82
Q12515	85.76
Q12516	22.42
Q12517	14.71
Q12518	66.74
Q12520	0
Q12522	5.71
Q12523	23.32
Q12524	0
Q12525	1.23
Q12527	13.58
Q12528	0.9
Q12529	0
Q12530	0.99
Q12531	30.36
Q12532	31.21
Q12672	12.5
Q12674	17.51
Q12675	20.84
Q12676	0
Q12680	6.06
Q12690	27.63
Q12691	4.03
Q12692	17.16
Q12697	16.44
Q12734	42.81
Q12743	22.28
Q12744	0
Q12745	1.41
Q12746	0
Q12748	0
Q12749	20.64
Q12751	4.28
Q12753	74.49
Q12754	15.14
Q2V2P0	64.1
Q2V2P1	90.32
Q2V2P2	0
Q2V2P3	24
Q2V2P4	0
Q2V2P5	0
Q2V2P6	0
Q2V2P7	100
Q2V2P8	13.48
Q2V2P9	0
Q2V2Q0	0
Q2V2Q1	90.26
Q2V2Q2	30.37
Q2V2Q3	0
Q35811	0
Q3E6R4	21.21
Q3E6R5	19.29
Q3E705	22.74
Q3E731	53.06
Q3E732	0
Q3E735	0
Q3E736	2.56
Q3E737	0
Q3E739	2.85
Q3E740	0
Q3E741	0
Q3E742	72.05
Q3E743	0
Q3E744	18.47
Q3E746	0
Q3E747	100
Q3E750	0
Q3E751	0
Q3E752	19.4
Q3E754	2.29
Q3E755	0
Q3E756	11.7
Q3E757	12.06
Q3E758	0
Q3E760	0
Q3E762	0
Q3E763	6.06
Q3E764	100
Q3E765	0
Q3E766	0
Q3E767	0
Q3E769	0
Q3E770	0
Q3E771	0
Q3E772	100
Q3E774	0
Q3E775	0
Q3E776	3.33
Q3E778	0
Q3E781	64.7
Q3E782	0
Q3E784	50.58
Q3E785	2.53
Q3E786	0
Q3E787	0
Q3E789	55.1
Q3E790	0
Q3E791	0
Q3E792	20.37
Q3E793	11.81
Q3E794	35.84
Q3E795	100
Q3E796	0
Q3E798	2.29
Q3E7A0	0
Q3E7A2	0
Q3E7A3	5.4
Q3E7A4	11.92
Q3E7A5	0
Q3E7A6	0
Q3E7A7	6.06
Q3E7A8	2.77
Q3E7A9	5.47
Q3E7B0	0
Q3E7B2	0
Q3E7B3	0
Q3E7B4	1.58
Q3E7B5	0
Q3E7B6	0
Q3E7B7	100
Q3E7B9	0
Q3E7C1	13.88
Q3E7X8	20.9
Q3E7X9	5.97
Q3E7Y3	0
Q3E7Y4	0
Q3E7Y5	4.64
Q3E7Y6	47.94
Q3E7Y7	0
Q3E7Y8	0
Q3E7Y9	0
Q3E7Z0	1.61
Q3E7Z1	0
Q3E7Z2	3.52
Q3E7Z3	0
Q3E7Z4	0
Q3E7Z5	55.07
Q3E7Z6	0
Q3E7Z7	0
Q3E7Z8	0
Q3E7Z9	32.25
Q3E801	0
Q3E802	2.77
Q3E804	1.81
Q3E805	0
Q3E806	15.94
Q3E807	0
Q3E808	0
Q3E809	0
Q3E810	0
Q3E811	0
Q3E813	0
Q3E814	0
Q3E815	0
Q3E816	0
Q3E817	0
Q3E818	0
Q3E819	0
Q3E820	0
Q3E821	0
Q3E823	7.35
Q3E824	50
Q3E825	18.39
Q3E826	20.51
Q3E827	100
Q3E828	0
Q3E829	12.5
Q3E830	2.66
Q3E832	0
Q3E833	3.4
Q3E834	1.17
Q3E835	6.66
Q3E837	0
Q3E838	96.42
Q3E840	4.87
Q3E841	4.08
Q3E842	16.66
Q3E843	0
Q3E846	30.76
Q45U18	0
Q45U48	0
Q6B0R2	0
Q6B0R7	0
Q6B0V7	0
Q6B0V8	0
Q6B0W0	9.9
Q6B0W2	0
Q6B0X1	37.85
Q6B0X2	0
Q6B0Y1	7.59
Q6B0Y5	0
Q6B0Y6	0
Q6B0Y7	0
Q6B0Y8	4
Q6B0Z2	10.47
Q6B108	2
Q6B113	0
Q6B2I9	0
Q6B2U8	0
Q6Q546	0
Q6Q547	36.2
Q6Q560	5.31
Q6Q571	0
Q6Q572	0
Q6Q595	8
Q6Q5F3	3.97
Q6Q5H1	57.5
Q6Q5K6	11.76
Q6Q5P6	14.76
Q6Q5X2	0
Q6WNK7	1.04
Q7LHD1	30.88
Q7LHG5	14.95
Q7LIF1	0
Q7LIF2	1.81
Q7M4S9	48.35
Q86ZR7	0
Q870I1	0
Q8J0M4	5.97
Q8TGJ0	0
Q8TGJ1	0
Q8TGJ2	0
Q8TGJ3	0
Q8TGJ4	0
Q8TGJ7	28.57
Q8TGJ8	41.09
Q8TGK0	0
Q8TGK1	0
Q8TGK4	0
Q8TGK5	0
Q8TGK6	0
Q8TGK7	0
Q8TGK8	0
Q8TGK9	10.52
Q8TGL0	0
Q8TGL1	0
Q8TGL2	0
Q8TGL3	31.88
Q8TGL4	9.3
Q8TGL5	3.84
Q8TGL6	0
Q8TGL7	9.37
Q8TGL8	0
Q8TGL9	0
Q8TGM0	0
Q8TGM1	0
Q8TGM2	2.17
Q8TGM3	0
Q8TGM4	0
Q8TGM5	0
Q8TGM6	54.03
Q8TGM7	50.81
Q8TGM8	10
Q8TGM9	0
Q8TGN0	0
Q8TGN1	0
Q8TGN2	3.52
Q8TGN3	0
Q8TGN4	0
Q8TGN5	0
Q8TGN6	1.38
Q8TGN7	0
Q8TGN8	0
Q8TGN9	4.9
Q8TGP0	2.04
Q8TGP1	0
Q8TGP2	11.42
Q8TGP3	0
Q8TGP4	0
Q8TGP5	0
Q8TGP6	2.12
Q8TGP7	0
Q8TGP8	0
Q8TGP9	0
Q8TGQ0	0
Q8TGQ1	0
Q8TGQ2	0
Q8TGQ3	0
Q8TGQ4	0
Q8TGQ5	0
Q8TGQ6	0
Q8TGQ7	0
Q8TGQ8	14.28
Q8TGQ9	0
Q8TGR0	0
Q8TGR1	0
Q8TGR2	15.78
Q8TGR3	0
Q8TGR4	41.66
Q8TGR5	1.92
Q8TGR6	0
Q8TGR7	0
Q8TGR8	2.46
Q8TGR9	0
Q8TGS0	0
Q8TGS1	0
Q8TGS2	0
Q8TGS4	0
Q8TGS5	0
Q8TGS6	65.51
Q8TGS7	0
Q8TGS8	0
Q8TGS9	0
Q8TGT0	12.28
Q8TGT1	0
Q8TGT2	0
Q8TGT3	0
Q8TGT4	0
Q8TGT5	0
Q8TGT6	0
Q8TGT7	0
Q8TGT8	0
Q8TGT9	0
Q8TGU0	0
Q8TGU1	26.08
Q8TGU2	0
Q8TGU3	3.03
Q8TGU4	0
Q8TGU5	0
Q8TGU6	4.68
Q8TGU7	35.29
Q8TGU8	0
Q8TGV0	0
Q92316	0
Q92317	19.17
Q92325	10.6
Q92328	15.12
Q92331	38.66
Q92392	57.5
Q92393	33.27
Q96VG5	0
Q96VG6	0
Q96VG8	0
Q96VH1	0
Q96VH2	0
Q96VH3	0
Q96VH4	7.77
Q96VH5	24.74
Q99176	9.85
Q99177	6.15
Q99181	0
Q99186	4.07
Q99188	35.59
Q99189	0
Q99190	0
Q99207	51.97
Q99208	15.79
Q99210	0
Q99216	40.51
Q99219	15.86
Q99220	14.39
Q99222	7.72
Q99231	33.67
Q99234	25.52
Q99247	29.92
Q99248	29.58
Q99252	28.05
Q99257	15.02
Q99258	4.32
Q99260	14.88
Q99271	50.86
Q99278	3.47
Q99287	1.41
Q99288	7.78
Q99296	27.39
Q99297	0
Q99299	69.65
Q99303	56.84
Q99312	2.22
Q99314	9.27
Q99315	13.76
Q99316	2.16
Q99318	5.94
Q99321	37.23
Q99325	10.15
Q99326	28.37
Q99332	41.69
Q99337	32.93
Q99339	0
Q99341	4.96
Q99344	0
Q99345	20.35
Q99359	26.89
Q99369	7.51
Q99373	42.29
Q99380	0
Q99382	13.81
Q99383	73.22
Q99385	0.72
Q99393	7.69
Q99394	13.05
Q99395	61.65
Q99401	0
Q9P305	71.75
Q9URQ3	0.93
Q9URQ5	57.69
Q9ZZV8	94.11
Q9ZZW1	1.49
Q9ZZW2	0
Q9ZZW3	0
Q9ZZW4	6.89
Q9ZZW7	0
Q9ZZX0	0
Q9ZZX1	0.31
Q9ZZX7	0
Q9ZZX8	0
Q9ZZX9	0
A0A1D0CT74	0
A0A1D0CT83	0
A0A1D0CXR0	2.94
