yourlist:M20211026F248CABF64506F29A91F8037F07B67D12525920	Entry
10000	Q9Y243
10006	Q8IZP0
10018	O43521
10019	Q9UQQ2
10049	O75190
100506658	Q16625
10075	Q7Z6Z7
10082	Q9Y625
10083	Q9Y6N9
10084	O60828
1009	P55287
10128	P42704
1013	P55291
10157	Q9UDR5
10159	O75787
10161	P43657
10165	Q9UJS0
1019	P11802
1021	Q00534
10215	Q13516
10216	Q92954
10243	Q9NQX3
10262	Q15427
1027	P46527
10272	O95633
10273	Q9UNE7
1028	P49918
1029	P42771
1029	Q8N726
10290	Q15772
10295	O14874
1031	P42773
10311	O14972
10312	Q13488
10320	Q13422
10342	Q92734
10345	Q13061
10371	Q14563
10381	Q13509
10382	P04350
10397	Q92597
10413	P46937
1045	Q99626
10472	Q99592
10479	Q92581
10483	Q15437
10491	O75718
10499	Q15596
1050	P49715
10529	O76041
1053	Q15744
10535	O75792
10555	O15120
10564	Q9Y6D5
10568	O95436
10655	Q9Y5R5
10660	P52954
10664	P49711
10667	O95363
10682	Q15125
10716	Q16650
10717	Q9Y6B7
10718	P56975
10721	O75417
1073	Q9Y281
10735	Q8N3U4
10743	Q7Z5J4
10747	O00187
10749	O43896
10765	Q9UGL1
10771	Q15326
10787	Q9Y2A7
1080	P13569
10804	O95452
10806	Q86SQ7
10841	O95954
10847	Q6ZRS2
10892	Q9UDY8
10962	Q13015
11005	Q9NQ38
11020	Q9BW83
1103	P28329
11043	Q9UJV3
1106	O14647
11064	Q7Z7A1
11078	Q9H2D6
1108	Q14839
11081	O60938
11093	Q76LX8
11116	O95684
11122	O14522
11136	P82251
11141	Q9NZN1
11146	Q92990
11151	P31146
11152	Q9Y484
11154	Q9Y587
11159	Q9UBK7
11168	O75475
11197	Q9Y5W5
11198	Q9Y5B9
1120	Q9Y259
11200	O96017
1121	P24386
112752	Q96FT9
11279	O95600
11285	Q9UBV7
1130	Q99698
1131	P20309
11315	Q99497
11322	Q7Z403
113278	Q9NQ40
1139	P36544
114879	Q9H0X9
116028	Q96E14
1161	Q13216
116228	Q5RI15
116442	Q96DA2
116444	O60391
116449	Q7Z7G1
117155	Q96P56
117581	Q8WVJ9
1183	P51793
1184	P51795
118429	P58335
1187	P51800
1188	P51801
1201	Q13286
121227	Q6UXM1
1213	Q00610
121512	Q96M96
122042	Q8WXD0
122046	Q8N6G2
123016	Q8TAM2
123263	Q96DP5
123606	Q7RTP0
123803	Q96AB6
123872	Q8NEP3
124454	Q5JPH6
124512	Q86XA0
124540	Q96DH6
124583	Q8WVQ1
124590	Q495M9
124989	Q8IY85
125336	Q8IVV2
1258	Q14028
126326	Q8TF64
126410	Q6NT55
126792	Q96L58
1272	Q12860
1277	P02452
1278	P08123
1280	P02458
1281	P02461
1285	Q01955
128637	Q96BZ9
1287	P29400
1289	P20908
128954	Q2WGN9
129563	Q8IYB7
1297	P20849
1298	Q14055
129880	Q8N3I7
1301	P12107
1307	Q07092
1316	Q99612
132884	Q86UK5
1340	P14854
134218	Q5F1R6
1352	Q12887
1355	Q7KZN9
1356	P00450
136259	Q8TD94
136647	Q8TAP9
1369	P15169
1373	P31327
1374	P50416
137492	Q8NEZ2
138050	Q68CP4
1385	P16220
1387	Q92793
139285	Q5JTC6
1394	P34998
139411	Q96NR3
1399	P46109
140545	Q9H0A6
1411	P05813
1415	P43320
1420	P07315
1438	P15509
1439	P32927
1441	Q99062
146059	Q8IWY9
146167	A6NNN8
146183	Q7RTW8
147138	Q8IU68
147372	Q6UXH8
147409	Q86SJ6
1476	P04080
1482	P52952
148738	Q6ZVN8
148789	Q8NCR0
1491	P32929
1497	O60931
1499	P35222
1508	P07858
1523	P39880
1523	Q13948
152330	Q8IWV2
1528	P00167
153562	Q8N4S9
1536	P04839
1540	Q9NQC7
154288	Q587J8
154881	Q96MP8
157570	Q56NI9
157657	Q96NL8
157680	Q7Z7G8
158	P30566
158326	Q5H8C1
158866	Q96MV8
1589	P08686
1591	Q07973
1593	Q02318
16	P49588
161497	Q7RTU9
1616	Q9UER7
1617	Q9NQZ3
161725	Q8TE49
161742	Q7Z699
1621	P09172
162699	Q8NG57
1629	P11182
163183	Q8N205
1639	Q14203
164045	A2PYH4
1641	O43602
1643	Q92466
164656	Q8IU80
1649	P35638
1650	P39656
1654	O00571
1655	P17844
1656	P26196
165918	Q8IYW5
1662	Q13206
166379	Q6ZW61
166785	Q8IVH4
1675	P00746
167691	Q86VQ0
1678	O60220
168667	Q8N8U9
169522	Q8TDN2
169792	Q8NEA6
170302	Q96QS3
170680	Q9UIG4
170691	Q8TE56
170692	Q8TE60
171017	Q8TF68
171023	Q8IXJ9
1716	Q16854
1717	Q9UBM7
1723	Q02127
1736	O60832
1740	Q15700
1741	Q92796
1745	P56177
1746	Q07687
1749	P56178
175	P20933
1750	P56179
1756	P11532
1758	Q13316
1767	Q8TE73
1773	P24855
1785	P50570
1788	Q9Y6K1
1798	Q9H3H5
18	P80404
1804	P42658
1806	Q12882
1807	Q14117
1816	P21918
182	P78504
1824	Q02487
1825	Q14574
1826	O60469
1827	P53805
1829	Q14126
183	P01019
1834	Q9NZW4
1859	Q13627
186	P50052
1879	Q9UH73
189	P21549
1890	P19971
1896	Q92838
190	P51843
191	P23526
1910	P24530
1911	P78364
192666	Q2M2I5
1947	P98172
1956	P00533
1959	P11161
196528	Q68CP9
1967	Q14232
197131	Q8IWV7
197322	Q4G176
1974	Q14240
1993	Q12926
2000	Q99607
2002	P19419
2005	P28324
2006	P15502
201163	Q8NFG4
2020	P19622
2022	P17813
2027	P13929
203286	Q68DC2
2033	Q09472
2034	Q99814
2038	P16452
204219	Q8IU89
2055	Q9UBY8
2059	Q12929
2060	P42566
2064	P04626
2065	P21860
2066	Q15303
2067	P07992
2068	P18074
207	P31749
2070	O95677
2071	P19447
2072	Q92889
2073	P28715
2077	P50548
2078	P11308
208	P31751
2099	P03372
210	P13716
2109	P38117
2110	Q16134
2115	P50549
2118	P43268
2119	P41161
2120	P41212
2122	Q03112
2130	Q01844
2131	Q16394
2132	Q93063
2138	Q99502
2146	Q15910
215	P33897
2153	P12259
2155	P08709
2157	P00451
2158	P00740
2159	P00742
2162	P00488
2165	P05160
2175	O15360
2176	Q00597
2177	Q9BXW9
2178	Q9HB96
2181	O95573
2182	O60488
2184	P16930
2187	Q8NB91
2188	Q9NPI8
2189	O15287
2195	Q14517
219844	Q96M11
220	P47895
2200	P35555
220082	Q8NA61
220136	Q96M91
2203	P09467
2213	P31994
221927	Q6PJG6
222546	Q8HWS3
224	P51648
2242	P07332
2245	P98174
2248	P11487
2255	O15520
226	P04075
2260	P11362
2261	P22607
2262	P78333
2263	P21802
2264	P22455
2271	P07954
2272	P49789
22852	Q9UPS8
22856	Q86X52
22866	Q8WXI2
22871	Q8N2Q7
22895	Q9Y2J0
22897	Q9UPV0
2290	P55316
22909	Q9Y2M0
22926	P18850
22930	Q15042
2294	Q12946
22941	Q9UPX8
22948	P48643
22954	Q13049
2296	Q12948
22978	P49902
22999	Q86UR5
2301	Q13461
23013	Q96T58
2303	Q99958
2304	O00358
23040	Q9UL68
2308	Q12778
23085	Q8IUD2
23086	Q8NEV8
23089	Q86TG7
2309	O43524
23092	Q9UNA1
23093	Q6EMB2
23096	Q5JU85
23112	Q9UPQ9
23118	Q9NYJ8
2312	P20930
23126	Q7Z3K3
2313	Q01543
23133	Q9UPP1
23135	O15054
23152	Q96RK0
2316	P21333
23169	Q9NTN3
2317	O75369
2318	Q14315
23181	Q14689
23189	Q14678
23204	Q15041
23209	Q15049
2322	P36888
23230	Q96RL7
23236	Q9NQ66
2324	P35916
23245	O75129
23261	Q9Y6Y1
2327	Q99518
23291	Q9UKB1
23312	Q8TDJ6
23314	Q9UPW6
2332	Q06787
23321	Q9C040
2334	P51816
23362	Q9NYI0
23363	O75147
23365	Q9NZN5
23373	Q6UUV9
23389	Q71F56
23394	Q9H2P0
23396	O60331
23400	Q9NQ11
23405	Q9UPY3
23417	O95822
23426	Q9Y3R0
23430	Q9BZJ3
23435	Q13148
23451	O75533
23462	Q9Y5J3
23469	Q92576
23476	O60885
2348	P15328
23503	Q68DK2
23512	Q15022
23522	Q8WYB5
23529	Q9UBD9
23545	Q9Y487
23556	O95427
23562	O95500
23592	Q9Y2U8
23594	Q9Y5N6
23598	Q9HBE1
23619	Q9NZV7
23624	Q9ULV8
23639	Q86X45
23765	Q96F46
238	Q9UM73
2395	Q16595
24140	Q9UET6
246213	Q8NDX2
2475	P42345
2488	P01225
25	P00519
2512	P02792
2516	Q13285
2521	P35637
2531	Q06136
253827	Q8IXL7
254048	Q6ZU65
254065	Q6RI45
2542	O43826
2548	P10253
254827	Q58DX5
2554	P14867
255738	Q8NBP7
255928	Q8NB59
256076	A8TX70
2562	P28472
256471	Q8NHS3
2566	P18507
256646	Q86Y26
256764	Q3MJ13
25782	Q9H2M9
25793	Q9Y3I1
2581	P54803
25821	Q9Y2Z2
25836	Q6KC79
25839	Q9H9E3
2584	P51570
25861	Q9P202
2587	P47211
2588	P34059
2591	Q14435
25913	Q9NUX5
25914	Q86VV8
2592	P07902
25925	Q96K83
259266	Q8IZT6
2593	Q14353
25937	Q9GZV5
25942	Q96ST3
25961	Q86X67
25970	Q9NRF2
25974	Q9Y4U1
26013	Q9Y468
26019	Q9HAU5
26039	O75177
26040	Q9Y6X0
26047	Q9UHC6
26053	Q8WXX7
26058	Q6Y7W6
26090	Q8N2K0
26128	Q96EK5
261734	O75161
2623	P15976
2624	P23769
2625	P23771
2626	P43694
2627	Q92908
26278	Q9NZJ4
2629	P04062
2632	Q04446
2639	Q92947
2643	P30793
26503	Q9NRA2
26504	Q6P4Q7
26524	Q9NRM7
2653	P23434
2658	Q9UK05
26585	O60565
2664	P31150
2671	P55789
268	P03971
2683	P15291
26960	Q8NFP9
2697	P17302
27	P42684
27010	Q9H3S4
27019	Q9UI46
2702	P36382
2703	P48165
27034	Q9UKU7
27044	Q7KZF4
2706	P29033
27077	Q9UPM9
27086	Q9H334
2710	P32189
27125	Q9UHB7
2717	P06280
27185	Q9NRI5
2719	P51654
2720	P16278
27245	Q5TGY3
27249	Q9H3L0
27255	Q9UQ52
27286	O60687
2731	P23378
27329	Q9Y5C1
27343	Q9UGP5
2736	P10070
2737	P10071
274	O00499
2743	P48167
27436	Q9HC35
2752	P15104
2767	P29992
2773	P08754
2776	P50148
2778	O95467
2778	P63092
2778	P84996
2778	Q5JWF2
2782	P62873
2796	P01148
2799	P15586
2812	P13224
2819	P21695
283149	Q86UU0
283489	Q96JM3
283989	Q7Z6J9
284058	Q7Z3B3
284098	Q7Z7B1
284111	Q86YT5
284217	P25391
284403	O43379
284904	Q9UDX3
28514	O00548
285362	Q8NBK3
285440	Q6ZWL3
285489	Q18PE1
286262	Q4KMQ1
286530	Q86VZ1
287	Q01484
2879	P36969
2887	Q13322
2892	P42263
2894	Q9ULK0
28962	Q86WC4
2898	Q13002
29	Q12979
2903	Q12879
2904	Q13224
29072	Q9BYW2
29089	Q9NPD8
29102	Q9NRR4
2911	Q13255
29119	Q9UI47
29123	Q6UB99
29126	Q9NZQ7
2916	O15303
2956	P52701
2969	P78347
29760	Q8WV28
2984	P25092
29899	P81274
2990	P08236
29926	Q96IJ6
29929	Q9Y672
29940	Q9UL01
29954	Q9UKY4
29968	Q9Y617
2998	P54840
30012	O43711
30062	Q9Y2V3
3008	P10412
3020,3021	P84243
3028	Q99714
3039,3040	P69905
3074	P07686
3077	Q30201
30812	P57073
3082	P14210
3084	Q02297
3091	Q16665
3092	O00291
3097	P31629
3105	P04439
3110	P50219
3131	Q16534
3141	P50747
3145	P08397
3159	P17096
3169	P55317
3181	P22626
3190	P61978
3195	P31314
3205	P31269
3207	P31270
3209	P31271
3227	O43248
3229	P31276
3235	P28356
3237	P31277
3239	P35453
324	P25054
3248	P15428
3251	P00492
3257	Q92902
3265	P01112
326625	Q96EY8
3293	P37058
3295	P51659
330	Q13489
331	P98170
3320	P07900
3326	P08238
3337	P25685
3339	P98160
3347	P15516
338	P04114
338328	Q8IV16
339829	Q9UFE4
339983	Q8N9F0
34	P11310
340419	Q6UXX9
340533	Q5QGS0
3417	O75874
3418	P48735
3423	P22304
3425	P35475
343637	Q2I0M5
344	P02655
344191	Q03828
344561	Q8TDV2
345275	Q7Z5P4
345895	Q5TD94
346007	Q5T1H1
347344	P51508
3480	P08069
3481	P01344
3482	P11717
348654	Q17RS7
348932	Q96N87
3508	P38935
351	P05067
3543	P15814
355	P25445
3551	O14920
3558	P60568
3559	P01589
3572	P40189
3575	P16871
3587	Q13651
36	P45954
3612	P29218
3630	P01308
3646	P60228
3651	P52945
3662	Q15306
3664	O14896
367	P10275
3675	P26006
3689	P05107
3690	P05106
37	P49748
3702	Q08881
3703	P46977
3716	P23458
3717	O60674
3718	P52333
372	P48444
3720	Q92833
3725	P05412
3730	P23352
3735	Q15046
374291	O75251
374654	Q2M1P5
3757	Q12809
375748	Q5T890
375790	O00468
3758	P48048
3762	P48544
3784	P51787
3785	O43526
3791	P35968
3799	P33176
3814	Q15726
3815	P10721
3817	P20151
383	P05089
3832	P52732
3845	P01116
387	P61586
387700	Q6ZSM3
388389	Q8IW40
388939	A6NGG8
389207	A8MXD5
389434	Q6PHW0
3895	Q86UP2
3897	P32004
3899	P51826
390445	Q8NGC0
3908	P24043
3909	Q16787
3918	Q13753
3920	P13473
3927	Q14847
3930	Q14739
3932	P06239
3938	P09848
3953	P48357
3954	O95202
3955	Q8NES3
3977	P42702
3981	P49917
3984	P53667
3988	P38571
399	Q15669
3998	P49257
4000	P02545
4001	P20700
4004	P25800
4005	P25791
4010	O60663
401541	Q6IPU0
4026	Q93052
4036	P98164
4043	P30533
404672	Q6ZYL4
4047	P48449
405	P27540
4066	P12980
4068	O60880
4070	P09758
4072	P16422
4087	Q15796
4088	P84022
4089	Q13485
4094	O75444
410	P15289
412	P08842
4125	O00754
4128	P21397
4137	P10636
414	P51689
4148	O15232
4149	P61244
415	P51690
4158	Q01718
4166	Q9GZX3
4193	Q00987
4194	O15151
4204	P51608
4208	Q06413
4210	O15553
4214	Q13233
4221	O00255
4232	Q5EB52
4233	P08581
4256	P08493
4261	P33076
427	Q13510
4281	O15344
4286	O75030
4291	P58340
4292	P40692
4297	Q03164
4298	Q03111
4299	P51825
4300	P42568
4301	P55196
4302	P55198
4303	P98177
4306	P08235
4308	Q7Z4N2
4330	Q10571
4338	O96007
4338	O96033
4343	Q9HCE1
435	P04424
4352	P40238
43849	Q9UKR0
440435	Q6PRD1
443	P45381
4436	P43246
4437	P20585
444	Q12797
4478	P26038
4487	P28360
4507	Q13126
4515	P56278
4524	P42898
4534	Q13496
4547	P55157
4548	Q99707
4552	Q9UBK8
4582	P15941
4591	O94972
4594	P22033
4595	Q9UIF7
4602	P10242
4607	Q14896
4609	P01106
4610	P12524
4613	P04198
4615	Q99836
4625	P12883
4627	P35579
4628	P35580
4629	P35749
463	Q15911
4633	P10916
4634	P08590
4638	Q15746
4643	Q12965
4644	Q9Y4I1
4645	Q9ULV0
4654	P15172
466	P18846
4665	Q15742
4683	O60934
4688	P19878
4689	Q15080
4692	Q99608
4693	Q00604
4694	O15239
4705	O95299
4709	O43676
471	P31939
472	Q13315
4723	P49821
4724	O43181
4726	O75380
4728	O00217
4729	P19404
4739	Q14511
4747	P07196
4750	Q96PY6
476	P05023
4763	P21359
4771	P35240
4773	Q13469
4774	Q12857
4780	Q16236
4781	O00712
4791	Q00653
4794	O00221
4810	Q6T4R5
4826	Q16517
4838	Q96S42
4841	Q15233
4849	O75175
4851	P46531
4853	Q04721
4860	P00491
4864	O15118
4867	O15259
4868	O60500
4869	P06748
487	O14983
4885	P47972
4893	P01111
4913	P78549
4914	P04629
4916	Q16288
492	Q16720
4920	Q01974
4921	Q16832
4926	Q14980
4928	P52948
4942	P04181
4948	Q04671
4952	Q01968
4982	O00300
4983	O60890
4990	O95475
5000	O43929
5002	Q96BI1
5009	P00480
5015	P32243
5019	P55809
5048	P43034
5049	P68402
5053	P00439
5054	P05121
50615	Q9HBE5
50617	Q9HBG4
5062	Q13177
5063	O75914
50649	Q9NR80
5071	O60260
5075	P15863
5076	Q02962
5077	P23760
5079	Q02548
5080	P26367
5081	P23759
50814	Q15738
5083	P55771
5087	P40424
5091	P11498
50944	Q9Y566
50945	Q9Y458
5095	P05165
50964	Q9BQB4
51	Q15067
5101	Q9HC56
51010	Q9NQT5
51057	O95876
5108	Q15154
51082	P0DPB5
51082	P0DPB6
51091	Q9HD40
51103	Q9Y375
51119	Q9Y3A5
51135	Q9NWZ3
51168	Q9UKN7
51176	Q9UJU2
51181	Q7Z4W1
5119	Q9HD42
51199	Q8N4C6
51200	Q9UI42
51206	Q9HCN6
5130	P49585
51305	Q9NPC2
51317	Q96BD5
51322	Q9BTA9
51324	Q9NZD8
51366	O95071
51371	Q9Y244
51422	Q9UGJ0
5144	Q08499
5146	P51160
51475	Q9NPB3
51481	Q9NNX9
5155	P01127
5156	P16234
5159	P09619
51592	Q9UPN9
51594	A2RRP1
5160	P08559
5167	P22413
51684	Q9UMX1
51733	Q9UBR1
51741	Q9NZC7
51755	Q9NYV4
5176	P36955
51761	Q9NTI2
5178	Q9GZU2
51804	Q9UIU6
51816	Q9NZK5
5184	P12955
5187	O15534
5189	O43933
5191	O00628
5195	O75381
5230	P00558
5236	P36871
5238	O95394
5251	P78562
5253	O75151
5257	Q93100
5261	P15735
5264	O14832
5265	P01009
5269	P35237
5277	P37287
529	P36543
5290	P42336
5291	P42338
5292	P11309
5295	P27986
5296	O00459
5306	Q00169
5308	Q99697
5309	O75364
5310	P98161
5311	Q13563
5324	Q6DJT9
5325	Q9UM63
53335	Q9H165
5335	P19174
53353	Q9NZR2
5351	Q02809
5352	O00469
5354	P60201
5371	P29590
5373	O15305
5376	Q01453
538	Q04656
53834	Q8N441
53904	Q8NEV4
53947	Q9NPC4
5395	P54278
5396	P54821
54	P13686
540	P35670
54084	Q8WU66
5424	P28340
5426	Q07864
5429	Q9Y253
54344	Q9P2X0
54346	Q86WB7
54413	Q9NZ94
54453	Q8WYP3
54463	Q9H6L5
5447	P16435
54499	Q9UM00
545	Q13535
5450	Q16633
54551	Q9UJ55
546	P46100
5460	Q01860
5468	P37231
547	Q12756
54704	Q9P0J1
54738	Q99581
5479	P23284
54790	Q6N021
54806	Q8N157
54808	Q7RTS9
54809	Q5K651
54820	Q9NXR1
54855	Q5VWP2
54880	Q6W2J9
54894	Q68DV7
54897	Q86V15
54902	Q6DKK2
54904	Q9BZ95
54928	Q9NX62
54943	Q9NX36
54949	Q9NX18
55005	Q9NWS8
55023	Q8WWQ0
55033	Q9NWM8
55036	Q4G0X9
55055	Q9H900
55084	A7XYQ1
55112	Q8WVS4
55135	Q9BUR4
55157	Q6PI48
5518	P30153
55180	Q8NG48
55193	Q86U86
55209	Q9C0A6
55212	Q8IWZ6
55215	Q9NVI1
55217	Q9NVH6
55252	Q76L83
55275	Q5VIR6
5528	Q14738
55294	Q969H0
55343	Q96A29
5537	O00743
5538	P50897
554	P30518
55422	Q9NQX6
5546	Q92733
55500	Q9HBU6
5551	P14222
55532	Q6XR72
55572	Q96CU9
55607	Q9ULJ8
55628	Q9C0G0
55636	Q9P2D1
55640	Q9UPI3
55651	Q9NX24
55654	O75204
5566	P17612
55670	Q7Z412
55687	O75648
5573	P10644
55750	Q53H12
55755	Q96SN8
55768	Q96IV0
55775	Q9NUW8
55777	Q9P267
55780	Q5T6L9
55812	Q9P0W8
55835	Q9HC77
55869	Q9BY41
55870	Q9NR48
55906	Q9NQZ6
5594	P28482
55998	Q9H1B4
5604	Q02750
5605	P36507
56052	Q9BT22
5626	O75360
5644	P07477
5649	P78509
56623	Q9NRR6
567	P61769
56922	Q96RQ3
56975	Q8IXL6
57007	P25106
57010	P57796
57038	Q5T160
57057	Q9UMR3
57082	Q8NG31
57094	Q8N4T0
57096	Q96KN7
57107	Q86YH6
57120	Q9HD26
57148	Q86X10
57152	P55000
57167	Q9UJQ4
57194	O60312
57217	Q9ULT0
5723	P78330
5727	Q13635
5728	P60484
57282	Q6U841
57379	Q9GZX7
5744	P12272
57449	O94827
57459	Q8WXI9
57477	Q9ULL8
57492	Q8NFD5
57505	Q5JTZ9
57514	Q2M1Z3
57526	Q8TAB3
5753	Q13882
57539	Q9P2L0
57545	Q9P2K1
57591	Q969V6
57654	Q2YD98
57674	Q63HN8
57679	Q96Q42
57680	Q9HCK8
57704	Q9HCG7
57798	Q8WUU5
5781	Q06124
57820	Q9NPC3
5783	Q12923
5787	P23467
5788	P08575
579	P78367
5796	Q15262
580	Q99728
5805	Q03393
581	Q07812
5813	Q00577
5831	P32322
58499	Q96JM2
58508	Q8NEZ4
5860	P09417
5873	P51159
5879	P63000
5885	O60216
5889	O43502
5890	O15315
5892	O75771
5894	P04049
5896	P15918
5897	P55895
59	P62736
590	P06276
5903	P49792
5910	P52306
5914	P10276
5921	P20936
5925	P06400
59269	Q5T1R4
5927	P29375
5932	Q99708
594	P21953
5949	P10745
595	P24385
596	P10415
5962	P35241
5966	Q04864
5979	P07949
5987	P14373
60	P60709
602	P20749
60386	Q9HC21
604	P41182
60495	Q8WWQ2
605	Q4VC05
60506	Q9GZU5
60529	Q9H161
607	O00512
608	Q02223
6091	Q9Y6N7
6098	P08922
6102	O75695
6125	P46777
613	P11274
6134	P27635
6138	P61313
6146	P35268
617	Q9Y276
6184	P04843
6197	P51812
6218	P08708
6223	P39019
6229	P62847
6231	P62854
6247	O15537
6249	P30622
6261	P21817
6262	Q92736
6299	Q9NSC2
63035	Q5H9F3
6323	P35498
6324	Q07699
6326	Q99250
6331	Q14524
6334	Q9UQD0
6385	P31431
6389	P31040
639	O75626
6390	P21912
6391	Q99643
6392	O14521
63924	Q96AQ7
63929	Q9NQH7
63976	Q9HAZ2
6399	P0DI81
6399	P0DI82
64072	Q9H251
64093	Q9H4F8
64094	Q9H3U7
641	P54132
64109	Q9HC73
64131	Q86Y38
641339	Q2M3X9
6416	P45985
64175	Q32P28
6418	Q01105
6421	P23246
64221	Q96MS0
6424	Q6FHJ7
64240	Q9H222
64241	Q9H221
6427	Q01130
6428	P84103
64324	Q96L73
64327	Q8WVP7
64374	Q9H173
644096	A6NFY7
64421	Q96SD1
64446	Q9GZS0
6445	Q13326
64478	Q96PZ7
6448	P51688
6453	Q15811
6455	Q99961
6468	P57775
6469	Q15465
64699	P57727
6476	P14410
64764	Q70SY1
64783	Q96T37
64784	Q6UUV7
64789	Q9H790
64816	Q9HB55
64840	Q9H237
6491	Q15468
64919	Q9C0K0
6492	P81133
6495	Q15475
6496	O95343
6497	P12755
65018	Q9BXM7
65057	Q96AP0
65062	Q96Q45
65084	Q86UB9
65109	Q9BZI7
6513	P11166
6519	Q07837
65217	Q96QU1
6523	P13866
65250	Q9H799
6529	P30531
6531	Q01959
6532	P31645
653361	P14598
6535	P48029
6557	Q13621
6559	P55017
6567	P36021
6569	Q06495
657	P36894
6576	P53007
659	Q13873
6595	P51531
6597	P51532
6598	Q12824
6602	Q96GM5
6605	Q969G3
6608	Q99835
6611	P52788
6651	P18583
6654	Q07889
6657	P48431
6660	P35711
6663	P56693
6664	P35716
668	P58012
6683	Q9UBP0
6687	Q9UQ90
6694	Q13103
670	Q86W56
670	Q86WA6
6714	P12931
6716	P31213
672	P38398
673	P15056
6736	Q05066
675	P51587
6756	Q16384
6757	Q16385
6759	O60224
6760	Q15532
6768	Q9Y5Y6
6772	P42224
6774	P40763
6777	P51692
6778	P42226
6792	O76039
6794	Q15831
6801	O43815
6812	P61764
6833	Q09428
6834	Q15526
6845	P51809
6850	P43405
6853	P17600
6855	P08247
686	P43251
6873	Q6P1X5
6884	Q15543
6886	P17542
6887	Q16559
6899	O43435
6900	Q02246
6905	Q15813
6909	Q13207
6910	Q99593
6917	P23193
6925	P15884
6926	O15119
6927	P20823
6928	P35680
6929	P15923
6934	Q9NQB0
6938	Q99081
694	P62324
6942	Q9UGU0
6948	P20062
6949	Q13428
695	Q06187
6997	P13385
70	P68032
7007	O75443
701	O60566
7015	O14746
7021	Q92481
7026	P24468
7030	P19532
7036	Q9UP52
7046	P36897
7048	P37173
7050	Q15583
7051	P22735
7067	P10827
7080	P43699
7102	P41732
7109	P48553
7113	O15393
7128	P21580
713	P02746
7137	P19429
7138	P13805
7139	P45379
7150	P11387
7157	P04637
7161	O15350
7168	P09493
7170	P06753
7171	P67936
7173	P07202
7175	P12270
7201	P34981
7204	O75962
7227	Q9UHF7
7248	Q92574
7249	P49815
7253	P16473
7262	Q53GA4
7273	Q8WZ42
728130	Q8IVF1
728294	Q8N465
7284	P49411
7290	P54198
7291	Q15672
729262	A6NNL0
729920	A4D126
7305	O43914
7306	P17643
7307	P0DN76
7307	Q01081
7319	P49459
7337	Q05086
7355	P78381
7390	P10746
7399	O75445
7401	P58418
7403	O15550
7422	P15692
7428	P40337
7430	P15311
7436	P98155
7454	P42768
7466	O76024
7468	O96028
7469	Q9H3P2
7476	O00755
7486	Q14191
7490	P19544
7498	P47989
7507	P23025
7508	Q01831
7514	O14980
7531	P62258
7545	Q15915
7546	O95409
7547	O60481
7552	Q9Y462
7555	P62633
7592	P51814
763	P35218
767	P35219
768206	Q00LT1
7700	Q15928
7704	Q05516
771	O43570
773	O00555
775	Q13936
7750	Q9UBW7
776	Q01668
779	Q13698
7809	Q8WZ55
7837	Q92626
7840	Q8TCU4
7846	Q71U36
7849	Q06710
7852	P61073
78989	Q9BWP8
79058	Q9BZE9
79083	Q9BV36
79087	Q9BV10
79092	Q9BXL6
7913	P35659
79133	Q5TEU4
79145	Q9BUK0
7915	P51649
79152	Q7L5A8
79188	Q9BTV4
7942	P19484
79443	Q9BQS8
7957	O95278
79577	Q6P1J9
79583	Q9H6L2
79600	Q2MV58
79628	Q8TF17
79633	Q6V0I7
79641	Q9GZN7
79648	Q8NEM0
79659	Q8NCM8
79695	Q8IXK2
79718	Q9BZK7
79719	Q6PD74
79728	Q86YC2
7979	P60896
79809	Q7Z4L5
79813	Q9H9B1
79827	Q9H6B4
79848	Q1MSJ5
79867	Q96GX1
7994	Q92794
8013	Q92570
80155	Q9BXJ9
80169	Q2NKJ3
80184	O15078
8019	Q15059
80204	Q86XK2
8021	P35658
8022	Q9UBR4
80243	Q70Z35
80270	Q9H2F3
8028	P55197
8029	O60494
8030	Q16204
80304	Q9H6R7
8031	Q13772
80312	Q8NFU7
8036	Q9UQ13
80380	Q9BQ51
8050	O00330
80746	Q8NCE0
80816	Q9C0F0
80821	Q8NEL9
8085	O14686
8091	P52926
81031	O95528
811	P27797
8115	P56279
8139	Q9H2C0
8148	Q92804
815	Q9UQM7
816	Q13554
81608	Q6UN15
81614	Q8N8Q9
81620	Q9H211
81693	Q9BXJ7
81704	Q8NF50
8178	P55199
81789	Q17RP2
81846	Q86WG5
8192	Q16740
8195	Q9NPJ1
8200	P43026
8216	Q8N653
8218	P53675
8233	Q15696
8239	Q93008
8241	P98175
8242	P41229
8243	Q14683
825	P20807
8289	O14497
8292	Q9Y215
8294	P62805
8295	Q9Y4A5
8301	Q13492
8312	O15169
8313	Q9Y2T1
8314	Q92560
8322	Q9ULV1
833	P49589
83417	Q96PJ5
83473	Q8IYT4
83552	Q9BY79
8358	P68431
83636	Q9NSK7
83696	Q96Q05
83700	Q9BX67
83715	B1AK53
83737	Q96J02
8398	O60733
83987	Q9H0W5
83990	Q9BX63
8405	O43791
84059	Q8WXG9
841	Q14790
84100	Q9H0F7
84107	Q8N9L1
84131	Q5JTW2
84140	Q3B820
84142	Q6UWZ7
84163	Q86UP8
84225	Q9H091
84231	Q6Q0C0
84295	Q8IWS0
843	Q92851
84342	Q96MW5
84343	Q969F9
84376	Q86VS8
8443	O15228
84433	Q9BXL7
84441	Q8IZL2
845	O14958
8450	Q13620
84529	Q9Y2V0
846	P41180
84693	Q96PE7
8471	O14654
84720	Q8TEQ8
8481	O75665
84870	Q9BXY4
8493	O15297
84947	Q96JX3
8496	Q86W92
84976	Q96F81
84987	Q96I36
8504	P56589
8517	Q9Y6K9
8522	O60861
8526	P52429
85300	Q86WG3
85365	Q9H553
85378	Q96RT7
85414	Q96JT2
85440	Q96N67
85476	Q96RP9
8604	O75746
861	Q01196
862	Q06455
8626	Q9H3D4
863	O75081
8642	Q96JQ0
8647	O95342
8648	Q15788
865	Q13951
8651	O15524
8659	P30038
867	P22681
8676	O75558
868	Q13191
8688	O76014
8701	Q96DT5
8710	O75635
8738	P78560
875	P0DN79
875	P35520
8754	Q13443
8764	Q92956
8772	Q13158
8777	O75970
8778	O15389
8788	P80370
8799	O96011
8802	P53597
8805	O15164
8813	O60762
8831	Q96PV0
8838	O95389
8869	Q9UNP4
8880	Q96AE4
8891	Q9NR50
8898	Q13614
8905	P56377
8915	O95999
6638,8926	P63162
8926	Q9Y675
8929	Q99453
894	P30279
896	P30281
89765	Q8WYR4
898	P24864
8985	O60568
89884	Q969G2
89910	Q7Z3V4
90	Q04771
90167	Q6ZUT3
90411	Q8NI22
9056	Q9UM01
90624	Q5U5X0
9077	O95661
9083	O14599
9085	Q9Y6F8
90957	Q6P158
9098	P35125
90993	Q96BA8
9101	P40818
9113	O95835
91147	Q5HYA8
91179	Q96GP6
9135	Q15276
915	P04234
9150	Q9Y5B0
916	P07766
91647	Q8N5M1
917	P09693
91746	Q96MU7
9175	O43283
91851	Q9BU40
9187	O60721
91942	Q8N183
91949	P83436
92	P27037
9203	Q14202
9215	O95461
92211	Q96JP9
9227	O95237
92344	Q5T7V8
9241	Q13253
925	P01732
9255	Q12904
92579	Q9BUM1
9258	Q9Y4C4
92745	Q8WUX1
9289	Q9Y653
930	P15391
9314	O43474
93166	Q9NQX0
9320	Q14669
9321	Q15643
93210	Q96FM1
9325	Q15650
9333	O43548
9342	O95721
9343	Q15029
93517	Q8WUS8
93587	Q8TBZ6
9364	P51157
93664	Q86UW7
9378	P58400
9378	Q9ULB1
9380	Q9UBQ7
9381	Q9HC10
9382	Q8WTW3
9389	Q9Y267
939	P26842
93986	O15409
94	P37023
9401	O94761
9409	Q9Y5Y5
9414	Q9UDY2
9419	Q9P021
9422	O43296
9444	Q96PU8
9451	Q9NZJ5
9459	Q15052
948	P16671
9496	P57082
950	Q14108
9509	O95450
9516	Q99732
9531	O95817
9557	Q86WJ1
9563	O95479
9569	Q9UHL9
9578	Q9Y5S2
9581	Q4J6C6
9582	Q9UH17
959	P29965
9611	O75376
9612	Q9Y618
9626	O95843
9652	Q6PGP7
9659	Q5VU43
966	P13987
9663	Q92539
9708	Q9Y5G5
9709	Q15011
9719	Q86TH1
972	P04233
973	P11912
9739	O15047
974	P40259
9742	Q96RY7
9757	Q9UMN6
9759	P56524
9774	Q9NYF8
9775	P38919
9779	Q92609
9817	Q14145
9821	Q8TDY2
9829	O75061
9839	O60315
9841	O43167
987	P50851
9895	O15040
9914	O75185
9927	O95140
9935	Q9Y5Q3
9950	Q8TBA6
9968	Q93074
999	P12830
